-- phpMyAdmin SQL Dump
-- version 5.1.1
-- https://www.phpmyadmin.net/
--
-- Host: 127.0.0.1
-- Creato il: Gen 07, 2022 alle 22:08
-- Versione del server: 10.4.21-MariaDB
-- Versione PHP: 7.3.31

SET SQL_MODE = "NO_AUTO_VALUE_ON_ZERO";
START TRANSACTION;
SET time_zone = "+00:00";


/*!40101 SET @OLD_CHARACTER_SET_CLIENT=@@CHARACTER_SET_CLIENT */;
/*!40101 SET @OLD_CHARACTER_SET_RESULTS=@@CHARACTER_SET_RESULTS */;
/*!40101 SET @OLD_COLLATION_CONNECTION=@@COLLATION_CONNECTION */;
/*!40101 SET NAMES utf8mb4 */;

--
-- Database: `db_fabbrica_stampi`
--

-- --------------------------------------------------------

--
-- Struttura della tabella `acciaio`
--

CREATE TABLE `acciaio` (
  `IDmateriaPrima` int(11) NOT NULL,
  `Prezzo` float NOT NULL,
  `Peso` float DEFAULT NULL,
  `Lunghezza` float DEFAULT NULL,
  `Larghezza` float DEFAULT NULL,
  `Altezza` float DEFAULT NULL
) ENGINE=InnoDB DEFAULT CHARSET=utf8mb4;

--
-- Dump dei dati per la tabella `acciaio`
--

INSERT INTO `acciaio` (`IDmateriaPrima`, `Prezzo`, `Peso`, `Lunghezza`, `Larghezza`, `Altezza`) VALUES
(23709509, 1400, 150, 161, 126, 141),
(29135004, 2149, 179, 195, 197, 80),
(54523532, 3261, 52, 129, 62, 39),
(60472868, 1240, 107, 73, 198, 138),
(77855314, 3089, 51, 122, 154, 51),
(83440869, 2115, 117, 131, 142, 44),
(128132417, 4340, 96, 68, 177, 140),
(193568907, 4860, 226, 185, 183, 109),
(220149098, 1602, 72, 174, 65, 86),
(288435574, 1010, 223, 179, 134, 36),
(289687018, 1332, 182, 75, 69, 46),
(380714906, 4017, 123, 183, 78, 136),
(388641687, 2339, 238, 183, 60, 121),
(391825985, 481, 198, 68, 121, 38),
(464485902, 2025, 86, 105, 117, 33),
(485423922, 899, 221, 72, 159, 103),
(502373336, 4891, 199, 152, 87, 144),
(505601454, 3233, 46, 113, 155, 56),
(512426590, 955, 47, 131, 126, 131),
(516692825, 2312, 243, 181, 75, 111),
(518333475, 1287, 104, 184, 76, 34),
(529645615, 2673, 126, 115, 166, 113),
(613137547, 4402, 118, 162, 103, 148),
(695319873, 3715, 40, 72, 155, 130),
(698992720, 2388, 166, 175, 112, 120),
(718259263, 3007, 104, 161, 95, 55),
(734647794, 1100, 240, 74, 84, 103),
(756518718, 2440, 108, 189, 99, 109),
(776286878, 1345, 238, 173, 161, 128),
(784726278, 2704, 236, 91, 129, 100),
(843658402, 1655, 245, 105, 118, 92),
(866360075, 4903, 59, 108, 139, 134),
(898551182, 1920, 247, 172, 79, 148),
(905607005, 4116, 56, 171, 194, 88),
(912127075, 2448, 223, 187, 75, 88),
(924181347, 1570, 147, 136, 174, 136),
(940418652, 2171, 137, 173, 194, 129),
(952672961, 4238, 40, 73, 178, 140),
(988560552, 426, 207, 111, 133, 97),
(992480684, 3394, 191, 162, 65, 74);

-- --------------------------------------------------------

--
-- Struttura della tabella `attivita`
--

CREATE TABLE `attivita` (
  `NomeAttivita` varchar(20) NOT NULL,
  `CostoOrario` float DEFAULT NULL
) ENGINE=InnoDB DEFAULT CHARSET=utf8mb4;

--
-- Dump dei dati per la tabella `attivita`
--

INSERT INTO `attivita` (`NomeAttivita`, `CostoOrario`) VALUES
('Aggiustaggio', 10),
('FresaturaCO', 5),
('FresaturaSO', 2),
('Progettazione', 15),
('Trapano', 3);

-- --------------------------------------------------------

--
-- Struttura della tabella `cliente`
--

CREATE TABLE `cliente` (
  `IDcliente` varchar(11) NOT NULL,
  `Nome` varchar(20) NOT NULL,
  `Mail` varchar(30) DEFAULT NULL,
  `Telefono` varchar(13) DEFAULT NULL,
  `Nazione` varchar(20) DEFAULT NULL,
  `Provincia` char(2) DEFAULT NULL,
  `Cap` char(5) DEFAULT NULL,
  `Comune` varchar(20) DEFAULT NULL,
  `Via` varchar(20) DEFAULT NULL,
  `NumCivico` varchar(5) DEFAULT NULL
) ENGINE=InnoDB DEFAULT CHARSET=utf8mb4;

--
-- Dump dei dati per la tabella `cliente`
--

INSERT INTO `cliente` (`IDcliente`, `Nome`, `Mail`, `Telefono`, `Nazione`, `Provincia`, `Cap`, `Comune`, `Via`, `NumCivico`) VALUES
('13127110183', 'Sanchez-Nguyen', 'leeashley@example.org', '3286839054', 'Spain', 'CV', '71671', 'Davismouth', 'Rodriguez Plaza', '1858'),
('21529252250', 'Crawford LLC', 'danielleshea@example.org', '3944582093', 'Niger', 'CY', '14215', 'South Nicholas', 'Daniel Ranch', '2966'),
('22756643175', 'Mclean Inc', 'hmassey@example.com', '3852914109', 'Maldives', 'GW', '28707', 'Rileymouth', 'Keller Squares', '1591'),
('27683023045', 'Chambers, Levy and B', 'meganpeterson@example.com', '3590698069', 'British Indian Ocean', 'UG', '58475', 'North Thomas', 'Mccullough Well', '456'),
('28308830086', 'Chang-Fisher', 'tammy76@example.com', '3009191346', 'Lesotho', 'MK', '76966', 'New Donald', 'Katelyn River', '8924'),
('32065892288', 'Matthews-Rogers', 'johndennis@example.org', '3991983886', 'Romania', 'GN', '49267', 'West Ronald', 'Craig Drive', '309'),
('48561533217', 'Savage-Thompson', 'amatthews@example.org', '3569889820', 'Canada', 'IR', '44201', 'Kristineland', 'Chan Camp', '42294'),
('48775620276', 'Kent, Ferguson and B', 'martinezjacob@example.net', '3798140590', 'British Indian Ocean', 'MX', '12498', 'Marthaville', 'Catherine Fields', '17300'),
('55360372346', 'Coleman, Garcia and ', 'charlesturner@example.com', '3343949757', 'Cocos (Keeling) Isla', 'BH', '66513', 'Williamsville', 'Gonzalez Knolls', '792'),
('57290443715', 'Rose-Freeman', 'hensontroy@example.com', '3218735010', 'Taiwan', 'PT', '07035', 'Lopezland', 'Valerie Locks', '650'),
('59690722744', 'Simpson, Stark and M', 'obolton@example.net', '3526179316', 'Tunisia', 'FR', '71648', 'North Matthew', 'Meyers Camp', '249'),
('65110488377', 'Meyer, Curtis and Re', 'joshuasmith@example.org', '3978242305', 'Costa Rica', 'KZ', '34536', 'Staceyshire', 'Meghan Squares', '776'),
('71102225525', 'Foster-Kelley', 'danny30@example.com', '3473922618', 'Christmas Island', 'SK', '96008', 'West Richardmouth', 'Perry Courts', '775'),
('78039120922', 'Martinez-Wilson', 'tsimmons@example.com', '3369442190', 'Saint Pierre and Miq', 'LA', '20904', 'Lake Anne', 'Cameron Corner', '30601'),
('81551966328', 'Maynard PLC', 'sean96@example.com', '3263882037', 'Montserrat', 'GY', '38555', 'East Lori', 'Chloe Shoals', '7112'),
('82647925209', 'Blair Ltd', 'thomas15@example.com', '3889584370', 'Germany', 'VA', '84442', 'New Thomas', 'Brown Plaza', '16097'),
('83505353546', 'Lee, Cook and Allen', 'rgray@example.net', '3433679214', 'Tunisia', 'NI', '04635', 'Savageshire', 'Barton Station', '27142'),
('86353943845', 'Smith Inc', 'leecharlene@example.org', '3822629047', 'Tunisia', 'KI', '37198', 'North Thomas', 'Burton Brooks', '7142'),
('89763382099', 'King, Castro and Smi', 'rogersbrandon@example.com', '3960377203', 'Burkina Faso', 'GY', '63655', 'Chelseastad', 'Jennifer Loaf', '610'),
('93544943207', 'Hawkins-Roberts', 'tkramer@example.net', '3757038359', 'Cuba', 'NO', '11466', 'Jeffreyview', 'Ryan Knolls', '10873');

-- --------------------------------------------------------

--
-- Struttura della tabella `commessa`
--

CREATE TABLE `commessa` (
  `IDcommessa` int(11) NOT NULL,
  `DataOrdine` date NOT NULL,
  `IDcliente` varchar(11) DEFAULT NULL
) ENGINE=InnoDB DEFAULT CHARSET=utf8mb4;

--
-- Dump dei dati per la tabella `commessa`
--

INSERT INTO `commessa` (`IDcommessa`, `DataOrdine`, `IDcliente`) VALUES
(1, '2020-02-09', '28308830086'),
(2, '2019-03-20', '28308830086'),
(3, '2019-11-03', '89763382099'),
(4, '2021-06-08', '81551966328'),
(5, '2020-10-17', '55360372346'),
(6, '2020-01-24', '81551966328'),
(7, '2021-07-27', '83505353546'),
(8, '2019-10-10', '57290443715'),
(9, '2020-07-18', '82647925209'),
(10, '2020-07-05', '93544943207'),
(11, '2020-03-17', '55360372346'),
(12, '2019-07-06', '71102225525'),
(13, '2021-06-24', '82647925209'),
(14, '2019-11-15', '48561533217'),
(15, '2020-01-26', '57290443715'),
(16, '2021-02-24', '28308830086'),
(17, '2021-03-12', '22756643175'),
(18, '2021-08-10', '13127110183'),
(19, '2021-05-14', '82647925209'),
(20, '2020-04-08', '22756643175'),
(21, '2019-08-04', '13127110183'),
(22, '2020-02-04', '22756643175'),
(23, '2020-09-24', '21529252250'),
(24, '2019-10-09', '71102225525'),
(25, '2020-01-13', '21529252250'),
(26, '2021-01-13', '82647925209'),
(27, '2020-09-11', '81551966328'),
(28, '2020-03-25', '83505353546'),
(29, '2021-06-08', '55360372346'),
(30, '2021-10-09', '93544943207'),
(31, '2020-12-02', '78039120922'),
(32, '2020-10-07', '48561533217'),
(33, '2021-07-11', '13127110183'),
(34, '2019-01-03', '86353943845'),
(35, '2020-11-14', '48775620276'),
(36, '2021-09-17', '93544943207'),
(37, '2020-09-19', '83505353546'),
(38, '2021-02-12', '59690722744'),
(39, '2020-03-09', '13127110183'),
(40, '2020-01-01', '22756643175'),
(41, '2020-11-24', '59690722744'),
(42, '2021-04-04', '32065892288'),
(43, '2021-11-09', '83505353546'),
(44, '2021-07-09', '59690722744'),
(45, '2020-06-06', '57290443715'),
(46, '2020-06-20', '83505353546'),
(47, '2019-05-02', '57290443715'),
(48, '2021-01-08', '57290443715'),
(49, '2020-12-13', '21529252250'),
(50, '2019-07-04', '78039120922');

-- --------------------------------------------------------

--
-- Struttura della tabella `datianagrafici`
--

CREATE TABLE `datianagrafici` (
  `CF` char(16) NOT NULL,
  `Telefono` varchar(13) NOT NULL,
  `Mail` varchar(30) DEFAULT NULL,
  `DataNascita` date DEFAULT NULL,
  `Sesso` char(1) DEFAULT NULL,
  `Cognome` varchar(20) NOT NULL,
  `Nome` varchar(20) NOT NULL,
  `IDdipendente` int(11) DEFAULT NULL
) ENGINE=InnoDB DEFAULT CHARSET=utf8mb4;

--
-- Dump dei dati per la tabella `datianagrafici`
--

INSERT INTO `datianagrafici` (`CF`, `Telefono`, `Mail`, `DataNascita`, `Sesso`, `Cognome`, `Nome`, `IDdipendente`) VALUES
('BCEPLA00L22D451H', '3662142387', 'paolo.beci@gmail.com', '2000-07-22', 'M', 'Beci', 'Paolo', 2),
('CDPLT54H60E951C', '2988765456', 'WallOfWall@street.us', '1969-08-07', 'M', 'Belfort', 'Jordan', 15),
('FPRMYN89H46E714Y', '3457234576', 'info@andreagaleazzi.com', '1973-07-13', 'M', 'Galeazzi', 'Andrea', 9),
('GRCMJS99E22L483N', '3518139332', 'emilio.grieco98@gmail.com', '1999-05-22', 'M', 'Grieco', 'Emilio Joseph', 1),
('JMLFTX86M14C165X', '3209430087', 'frontoni@ermitico.it', '1970-10-10', 'M', 'Frontoni', 'Emanuele', 10),
('LCMHSJ75L67G758S', '3926754332', 'Robin@hood.us', '1983-05-17', 'F', 'scherbatsky', 'Robin', 14),
('MCTZTD38B16L156I', '3862142329', 'peppe@peppe.it', '2000-09-21', 'M', 'Giuseppe', 'Izzi', 3),
('QBRMHD77A69C978S', '3510760329', 'baldo869@soricucci.it', '1969-12-30', 'M', 'Baldo', 'Soricucci', 5),
('RQDMRU58P41E326X', '3498762534', 'davide.dezuane@ceodeiceo.com', '2000-10-28', 'M', 'De Zuane', 'Davide', 12),
('RWPNSF30E60L783Z', '3462762329', 'rinaldo87@boh.it', '1976-09-08', 'M', 'Rinaldo', 'Genuino', 4),
('TVEHMV87D69I121E', '4667690837', 'Rajesh@Ramayan.india ', '1973-02-17', 'M', 'Koothrappali', 'Rajesh Ramayan', 13),
('VFVHCJ98M05I980O', '3806317591', 'flavia@valente.it', '1978-04-03', 'F', 'Valente', 'Flavia', 8),
('VGQZGQ58C66F557J', '3150708329', 'veronica@grezzi.it', '1998-11-24', 'F', 'Grezzi', 'Veronica', 7),
('XPCNFR53M17A346K', '4083574269', 'elon@diodermonnointero.musk', '1980-11-21', 'M', 'Musk', 'Elon', 11),
('ZWDMDM58P43D990W', '3669754329', 'Claudia@zaffiri.it', '1975-02-10', 'F', 'Zaffiri', 'Claudia', 6);

-- --------------------------------------------------------

--
-- Struttura della tabella `datilavorativi`
--

CREATE TABLE `datilavorativi` (
  `IDdipendente` int(11) NOT NULL,
  `Reparto` varchar(15) NOT NULL,
  `Contratto` varchar(15) NOT NULL,
  `Stipendio` float DEFAULT NULL
) ENGINE=InnoDB DEFAULT CHARSET=utf8mb4;

--
-- Dump dei dati per la tabella `datilavorativi`
--

INSERT INTO `datilavorativi` (`IDdipendente`, `Reparto`, `Contratto`, `Stipendio`) VALUES
(1, 'Progettazione', 'full-time', 14995),
(2, 'Progettazione', 'full-time', 14739),
(3, 'Progettazione', 'full-time', 13696),
(4, 'Progettazione', 'part-time', 14702),
(5, 'Fresatura', 'full-time', 5850),
(6, 'Fresatura', 'full-time', 5035),
(7, 'Fresatura', 'full-time', 5713),
(8, 'Fresatura', 'full-time', 5627),
(9, 'Fresatura', 'part-time', 5212),
(10, 'Generale', 'full-time', 8452),
(11, 'Generale', 'full-time', 8751),
(12, 'Generale', 'full-time', 8325),
(13, 'Generale', 'full-time', 9632),
(14, 'Generale', 'part-time', 7993),
(15, 'Generale', 'part-time', 8743);

-- --------------------------------------------------------

--
-- Struttura della tabella `fornitore`
--

CREATE TABLE `fornitore` (
  `IDfornitore` varchar(11) NOT NULL,
  `IBAN` char(27) NOT NULL,
  `Nome` varchar(20) NOT NULL,
  `NumCivico` varchar(5) DEFAULT NULL,
  `Via` varchar(20) DEFAULT NULL,
  `Comune` varchar(20) DEFAULT NULL,
  `Cap` char(5) DEFAULT NULL,
  `Provincia` char(2) DEFAULT NULL,
  `Nazione` varchar(20) DEFAULT NULL
) ENGINE=InnoDB DEFAULT CHARSET=utf8mb4;

--
-- Dump dei dati per la tabella `fornitore`
--

INSERT INTO `fornitore` (`IDfornitore`, `IBAN`, `Nome`, `NumCivico`, `Via`, `Comune`, `Cap`, `Provincia`, `Nazione`) VALUES
('18405590781', 'GB36CZRZ40110704341925', 'Jones-Moore', '244', 'Park Parks', 'Wilsonport', '51167', 'LV', 'Italy'),
('21471292727', 'GB28LSLO48906828836075', 'Spencer, Everett and', '6508', 'Ellis Burgs', 'Lake Gregory', '77107', 'EG', 'Tokelau'),
('23529279507', 'GB50ZMNV25851781286570', 'Williams-Warner', '996', 'Gary Forks', 'Port Jamesside', '30932', 'NA', 'Malawi'),
('25459954006', 'GB55JSRD74104090161033', 'Fisher, Wilson and J', '21668', 'Pierce Station', 'Edwardsborough', '85966', 'LB', 'Armenia'),
('45343288796', 'GB52EGBJ11442694208093', 'Murray, Carey and Ka', '980', 'Gonzalez Courts', 'New Emily', '57248', 'UA', 'Congo'),
('54727844073', 'GB28ZGID48396030620278', 'Simmons, Collier and', '873', 'Ralph Ports', 'Donnachester', '08206', 'LK', 'French Southern Terr'),
('56513988360', 'GB72PDVM48705964023592', 'Patterson-Adams', '68587', 'Cameron Canyon', 'East Geneside', '28415', 'IQ', 'Senegal'),
('72063333906', 'GB38ESZY14177763170669', 'Dominguez LLC', '391', 'Johnson Burg', 'South Glendachester', '95639', 'AT', 'Malta'),
('84811481404', 'GB79HYOP83533740681241', 'Cook, Griffith and D', '8344', 'Mathis Parkways', 'Chapmanton', '63445', 'HN', 'Samoa'),
('92680183553', 'GB35KTQI55514397298150', 'Jones-Cline', '25199', 'Jones Plaza', 'New Christopher', '35461', 'MM', 'Uganda');

-- --------------------------------------------------------

--
-- Struttura della tabella `normalizzato`
--

CREATE TABLE `normalizzato` (
  `IDmateriaPrima` int(11) NOT NULL,
  `Prezzo` float NOT NULL,
  `Tipologia` varchar(20) DEFAULT NULL
) ENGINE=InnoDB DEFAULT CHARSET=utf8mb4;

--
-- Dump dei dati per la tabella `normalizzato`
--

INSERT INTO `normalizzato` (`IDmateriaPrima`, `Prezzo`, `Tipologia`) VALUES
(3334201, 50, 'Pistone'),
(7785823, 31, 'Bullone'),
(20522332, 32, 'Pistone'),
(25042308, 70, 'Pistone'),
(42914794, 3757, 'Sistema ad iniezione'),
(50710550, 33, 'Bullone'),
(52572915, 50, 'Pistone'),
(57888223, 47, 'Pistone'),
(68873026, 1054, 'Sistema ad iniezione'),
(68928098, 68, 'Vite'),
(78237660, 39, 'Bullone'),
(81053718, 26, 'Pistone'),
(81989238, 39, 'Vite'),
(83355956, 96, 'Pistone'),
(97275653, 39, 'Pistone'),
(105819994, 48, 'Vite'),
(105920316, 86, 'Pistone'),
(110618850, 22, 'Vite'),
(113199003, 79, 'Vite'),
(117607528, 49, 'Pistone'),
(126842111, 85, 'Bullone'),
(131794473, 32, 'Vite'),
(138685803, 2153, 'Sistema ad iniezione'),
(144804207, 2505, 'Sistema ad iniezione'),
(145329706, 58, 'Bullone'),
(153271539, 69, 'Vite'),
(156722883, 50, 'Pistone'),
(158019244, 68, 'Bullone'),
(161683047, 3793, 'Sistema ad iniezione'),
(162980720, 1438, 'Sistema ad iniezione'),
(163400483, 72, 'Vite'),
(167174068, 87, 'Bullone'),
(171280875, 84, 'Pistone'),
(173463918, 64, 'Bullone'),
(173478285, 85, 'Vite'),
(187422474, 55, 'Pistone'),
(189413338, 91, 'Vite'),
(189577159, 37, 'Vite'),
(193018442, 92, 'Bullone'),
(200280540, 86, 'Pistone'),
(200416202, 4370, 'Sistema ad iniezione'),
(226744893, 82, 'Vite'),
(234744466, 82, 'Pistone'),
(251231171, 58, 'Bullone'),
(257894429, 82, 'Pistone'),
(280441717, 91, 'Bullone'),
(281506647, 53, 'Vite'),
(282630807, 74, 'Bullone'),
(284178384, 73, 'Bullone'),
(311320571, 2979, 'Sistema ad iniezione'),
(316627492, 45, 'Vite'),
(322965866, 1236, 'Sistema ad iniezione'),
(330481513, 95, 'Vite'),
(335627161, 73, 'Bullone'),
(346776506, 4766, 'Sistema ad iniezione'),
(353507456, 69, 'Pistone'),
(359379354, 4495, 'Sistema ad iniezione'),
(360390945, 64, 'Pistone'),
(365517702, 4886, 'Sistema ad iniezione'),
(374148492, 3486, 'Sistema ad iniezione'),
(375091694, 70, 'Vite'),
(378658066, 76, 'Pistone'),
(383474042, 3976, 'Sistema ad iniezione'),
(384267204, 95, 'Pistone'),
(385160832, 75, 'Bullone'),
(386825006, 2959, 'Sistema ad iniezione'),
(387462571, 1807, 'Sistema ad iniezione'),
(395085764, 32, 'Bullone'),
(397640082, 96, 'Vite'),
(399654919, 22, 'Pistone'),
(416143721, 86, 'Bullone'),
(429638979, 26, 'Pistone'),
(429941500, 4896, 'Sistema ad iniezione'),
(433348209, 2583, 'Sistema ad iniezione'),
(452415025, 3268, 'Sistema ad iniezione'),
(459166029, 30, 'Pistone'),
(459626103, 30, 'Pistone'),
(462107078, 2630, 'Sistema ad iniezione'),
(466054297, 46, 'Bullone'),
(478208582, 31, 'Bullone'),
(486075109, 42, 'Pistone'),
(495860282, 4688, 'Sistema ad iniezione'),
(498121018, 85, 'Pistone'),
(508735062, 38, 'Pistone'),
(513141394, 72, 'Bullone'),
(513362972, 63, 'Bullone'),
(519509025, 1319, 'Sistema ad iniezione'),
(521163653, 4472, 'Sistema ad iniezione'),
(528361294, 4735, 'Sistema ad iniezione'),
(535357757, 46, 'Bullone'),
(540881121, 93, 'Pistone'),
(541684926, 3053, 'Sistema ad iniezione'),
(550247892, 4314, 'Sistema ad iniezione'),
(554646539, 99, 'Pistone'),
(565814449, 4960, 'Sistema ad iniezione'),
(566591700, 34, 'Vite'),
(567234845, 90, 'Vite'),
(574480568, 42, 'Vite'),
(578326445, 75, 'Bullone'),
(578751093, 33, 'Bullone'),
(585479328, 35, 'Bullone'),
(588951615, 3974, 'Sistema ad iniezione'),
(589051709, 90, 'Pistone'),
(593799973, 42, 'Bullone'),
(594366416, 46, 'Bullone'),
(600302555, 61, 'Pistone'),
(606106585, 2330, 'Sistema ad iniezione'),
(634105802, 49, 'Vite'),
(642219968, 97, 'Pistone'),
(654127642, 1754, 'Sistema ad iniezione'),
(669235532, 4188, 'Sistema ad iniezione'),
(673715152, 83, 'Bullone'),
(678590435, 67, 'Pistone'),
(696936038, 72, 'Bullone'),
(698050910, 4914, 'Sistema ad iniezione'),
(701888143, 34, 'Pistone'),
(705094575, 56, 'Pistone'),
(707643265, 50, 'Bullone'),
(712462256, 62, 'Bullone'),
(723918270, 40, 'Pistone'),
(728930814, 70, 'Vite'),
(731017095, 45, 'Vite'),
(743748019, 33, 'Pistone'),
(752272559, 40, 'Vite'),
(772727325, 66, 'Vite'),
(777369617, 48, 'Vite'),
(777710796, 30, 'Bullone'),
(779422369, 90, 'Pistone'),
(786188931, 58, 'Vite'),
(789385823, 73, 'Pistone'),
(793818353, 2621, 'Sistema ad iniezione'),
(794478961, 30, 'Vite'),
(803351334, 3526, 'Sistema ad iniezione'),
(819066443, 1370, 'Sistema ad iniezione'),
(824327406, 20, 'Bullone'),
(824732984, 92, 'Vite'),
(826664007, 69, 'Bullone'),
(837414667, 87, 'Vite'),
(838808563, 24, 'Pistone'),
(841327670, 87, 'Vite'),
(868098986, 1196, 'Sistema ad iniezione'),
(874378206, 2367, 'Sistema ad iniezione'),
(880885281, 97, 'Vite'),
(894508304, 92, 'Vite'),
(904936945, 64, 'Vite'),
(911438692, 2596, 'Sistema ad iniezione'),
(928937201, 61, 'Pistone'),
(929816823, 93, 'Vite'),
(940988867, 31, 'Pistone'),
(959018623, 51, 'Bullone'),
(959512174, 4171, 'Sistema ad iniezione'),
(961234446, 80, 'Pistone'),
(961525885, 23, 'Bullone'),
(962247604, 95, 'Bullone'),
(979877153, 2881, 'Sistema ad iniezione'),
(980776186, 3812, 'Sistema ad iniezione'),
(982814224, 3410, 'Sistema ad iniezione'),
(983835662, 95, 'Pistone'),
(989330512, 23, 'Pistone'),
(996600805, 3384, 'Sistema ad iniezione');

-- --------------------------------------------------------

--
-- Struttura della tabella `ordineacciaio`
--

CREATE TABLE `ordineacciaio` (
  `IDmateriaPrima` int(11) NOT NULL,
  `IDfornitore` varchar(11) NOT NULL,
  `IDprodotto` int(11) NOT NULL,
  `Quantita` int(11) NOT NULL,
  `DataOrdine` date NOT NULL,
  `DataArrivo` date DEFAULT NULL
) ;

--
-- Dump dei dati per la tabella `ordineacciaio`
--

INSERT INTO `ordineacciaio` (`IDmateriaPrima`, `IDfornitore`, `IDprodotto`, `Quantita`, `DataOrdine`, `DataArrivo`) VALUES
(23709509, '23529279507', 22, 2, '2020-05-08', '2020-05-15'),
(23709509, '54727844073', 14, 1, '2020-10-04', '2020-10-10'),
(29135004, '23529279507', 3, 3, '2020-02-12', '2020-02-19'),
(29135004, '84811481404', 1, 2, '2021-05-07', '2021-05-13'),
(54523532, '72063333906', 17, 4, '2019-12-03', '2019-12-11'),
(77855314, '18405590781', 37, 3, '2021-12-18', '2021-12-24'),
(77855314, '72063333906', 26, 4, '2019-11-02', '2019-11-07'),
(83440869, '25459954006', 39, 1, '2021-10-20', '2021-10-29'),
(83440869, '54727844073', 4, 3, '2021-08-16', '2021-08-23'),
(193568907, '21471292727', 35, 2, '2019-08-30', '2019-09-05'),
(220149098, '45343288796', 18, 1, '2021-01-16', '2021-01-21'),
(220149098, '54727844073', 7, 2, '2020-06-28', '2020-07-06'),
(288435574, '25459954006', 16, 2, '2019-07-10', '2019-07-20'),
(288435574, '84811481404', 6, 4, '2020-08-20', '2020-08-27'),
(289687018, '56513988360', 27, 1, '2019-09-28', '2019-10-05'),
(289687018, '72063333906', 13, 3, '2020-05-26', '2020-05-31'),
(380714906, '54727844073', 38, 2, '2019-11-25', '2019-12-05'),
(380714906, '56513988360', 11, 3, '2019-07-04', '2019-07-09'),
(388641687, '45343288796', 48, 1, '2020-04-19', '2020-04-27'),
(391825985, '45343288796', 47, 2, '2020-01-06', '2020-01-16'),
(502373336, '84811481404', 46, 2, '2021-08-20', '2021-08-28'),
(505601454, '25459954006', 36, 1, '2021-11-19', '2021-11-28'),
(505601454, '25459954006', 49, 2, '2020-10-26', '2020-11-01'),
(512426590, '92680183553', 19, 3, '2021-04-18', '2021-04-28'),
(516692825, '84811481404', 21, 4, '2021-11-08', '2021-11-15'),
(518333475, '21471292727', 8, 2, '2020-09-26', '2020-10-01'),
(529645615, '21471292727', 28, 1, '2020-01-04', '2020-01-10'),
(529645615, '23529279507', 31, 2, '2019-07-26', '2019-08-01'),
(529645615, '84811481404', 30, 1, '2019-06-07', '2019-06-15'),
(529645615, '92680183553', 9, 2, '2021-05-10', '2021-05-15'),
(529645615, '92680183553', 20, 2, '2020-08-09', '2020-08-17'),
(613137547, '45343288796', 50, 3, '2019-06-17', '2019-06-23'),
(695319873, '45343288796', 33, 2, '2019-09-08', '2019-09-18'),
(718259263, '72063333906', 32, 1, '2020-02-29', '2020-03-10'),
(718259263, '84811481404', 24, 4, '2021-09-03', '2021-09-09'),
(734647794, '18405590781', 15, 3, '2020-10-22', '2020-10-31'),
(734647794, '21471292727', 40, 3, '2021-01-15', '2021-01-20'),
(734647794, '23529279507', 29, 4, '2019-02-27', '2019-03-05'),
(776286878, '56513988360', 12, 2, '2021-01-26', '2021-02-05'),
(776286878, '92680183553', 23, 2, '2020-11-20', '2020-11-27'),
(776286878, '92680183553', 45, 4, '2020-12-11', '2020-12-21'),
(866360075, '25459954006', 34, 3, '2020-06-27', '2020-07-03'),
(898551182, '56513988360', 25, 3, '2019-06-10', '2019-06-16'),
(905607005, '23529279507', 10, 2, '2019-03-13', '2019-03-21'),
(912127075, '23529279507', 5, 4, '2020-05-29', '2020-06-06'),
(924181347, '45343288796', 2, 2, '2019-01-09', '2019-01-18'),
(924181347, '45343288796', 41, 4, '2020-06-21', '2020-06-28'),
(940418652, '21471292727', 44, 1, '2020-10-03', '2020-10-08'),
(940418652, '45343288796', 42, 4, '2019-06-05', '2019-06-13'),
(992480684, '18405590781', 43, 2, '2020-05-02', '2020-05-09');

--
-- Trigger `ordineacciaio`
--
DELIMITER $$
CREATE TRIGGER `aggiornaCostiAcciaio` BEFORE INSERT ON `ordineacciaio` FOR EACH ROW UPDATE Prodotto
SET Prodotto.PrezzoEffettivo = 
        Prodotto.PrezzoEffettivo + new.Quantita*(SELECT Prezzo
                                                 FROM acciaio 
                                                 WHERE acciaio.IDmateriaPrima =
                                                    new.IDmateriaPrima)
WHERE Prodotto.IDprodotto = new.IDprodotto
$$
DELIMITER ;

-- --------------------------------------------------------

--
-- Struttura della tabella `ordinenormalizzato`
--

CREATE TABLE `ordinenormalizzato` (
  `IDmateriaPrima` int(11) NOT NULL,
  `IDfornitore` varchar(11) NOT NULL,
  `IDprodotto` int(11) NOT NULL,
  `Quantita` int(11) NOT NULL,
  `DataOrdine` date NOT NULL,
  `DataArrivo` date DEFAULT NULL
) ;

--
-- Dump dei dati per la tabella `ordinenormalizzato`
--

INSERT INTO `ordinenormalizzato` (`IDmateriaPrima`, `IDfornitore`, `IDprodotto`, `Quantita`, `DataOrdine`, `DataArrivo`) VALUES
(3334201, '84811481404', 32, 16, '2021-10-20', '2021-10-30'),
(7785823, '92680183553', 14, 6, '2019-05-04', '2019-05-20'),
(20522332, '92680183553', 38, 93, '2021-09-25', '2021-10-05'),
(25042308, '84811481404', 44, 98, '2020-07-01', '2020-07-08'),
(25042308, '92680183553', 45, 52, '2020-04-25', '2020-05-03'),
(42914794, '25459954006', 8, 53, '2021-03-17', '2021-04-04'),
(50710550, '23529279507', 29, 33, '2020-08-02', '2020-08-11'),
(52572915, '72063333906', 41, 55, '2019-12-15', '2019-12-28'),
(52572915, '84811481404', 50, 91, '2021-05-02', '2021-05-17'),
(52572915, '92680183553', 30, 42, '2021-11-16', '2021-11-24'),
(68873026, '56513988360', 39, 27, '2020-01-15', '2020-01-22'),
(68873026, '84811481404', 41, 8, '2020-01-27', '2020-02-03'),
(68928098, '45343288796', 26, 12, '2019-09-27', '2019-10-17'),
(78237660, '56513988360', 30, 8, '2020-07-15', '2020-07-29'),
(81053718, '72063333906', 21, 40, '2020-02-21', '2020-03-07'),
(81989238, '84811481404', 50, 87, '2019-04-25', '2019-05-08'),
(83355956, '18405590781', 35, 56, '2020-09-06', '2020-09-15'),
(83355956, '25459954006', 33, 65, '2019-08-15', '2019-08-30'),
(83355956, '84811481404', 10, 6, '2019-07-04', '2019-07-14'),
(83355956, '84811481404', 26, 53, '2019-06-28', '2019-07-16'),
(97275653, '84811481404', 48, 86, '2019-07-16', '2019-08-02'),
(97275653, '92680183553', 39, 34, '2020-12-08', '2020-12-28'),
(105819994, '23529279507', 35, 48, '2021-02-14', '2021-02-28'),
(105920316, '18405590781', 44, 74, '2019-10-02', '2019-10-13'),
(105920316, '23529279507', 14, 47, '2020-09-03', '2020-09-23'),
(105920316, '25459954006', 31, 70, '2019-08-11', '2019-08-26'),
(105920316, '45343288796', 16, 89, '2021-04-03', '2021-04-10'),
(110618850, '25459954006', 17, 52, '2020-01-09', '2020-01-16'),
(113199003, '54727844073', 6, 79, '2020-07-01', '2020-07-21'),
(113199003, '72063333906', 42, 69, '2021-01-16', '2021-01-28'),
(126842111, '23529279507', 3, 76, '2021-08-19', '2021-09-02'),
(126842111, '23529279507', 34, 78, '2021-09-19', '2021-10-06'),
(126842111, '45343288796', 28, 1, '2019-04-01', '2019-04-16'),
(126842111, '45343288796', 41, 5, '2021-02-28', '2021-03-13'),
(126842111, '72063333906', 5, 85, '2020-01-04', '2020-01-20'),
(126842111, '92680183553', 26, 14, '2019-05-10', '2019-05-19'),
(131794473, '18405590781', 16, 25, '2019-01-18', '2019-02-03'),
(131794473, '84811481404', 1, 39, '2020-01-10', '2020-01-27'),
(138685803, '92680183553', 5, 15, '2019-07-11', '2019-07-26'),
(144804207, '72063333906', 21, 26, '2021-06-01', '2021-06-21'),
(145329706, '18405590781', 49, 73, '2019-01-23', '2019-02-10'),
(145329706, '45343288796', 5, 98, '2020-09-08', '2020-09-15'),
(153271539, '18405590781', 29, 74, '2020-05-08', '2020-05-23'),
(153271539, '92680183553', 29, 44, '2020-02-15', '2020-03-04'),
(156722883, '21471292727', 48, 97, '2019-05-22', '2019-06-08'),
(156722883, '84811481404', 39, 36, '2021-06-02', '2021-06-17'),
(158019244, '25459954006', 24, 10, '2021-04-04', '2021-04-23'),
(158019244, '56513988360', 38, 22, '2019-12-10', '2019-12-17'),
(158019244, '84811481404', 44, 19, '2020-11-03', '2020-11-12'),
(161683047, '23529279507', 15, 66, '2021-05-15', '2021-05-23'),
(162980720, '54727844073', 18, 86, '2019-02-02', '2019-02-16'),
(167174068, '84811481404', 39, 33, '2020-05-14', '2020-05-25'),
(171280875, '18405590781', 7, 9, '2020-01-15', '2020-01-29'),
(171280875, '54727844073', 37, 16, '2021-06-04', '2021-06-16'),
(171280875, '72063333906', 31, 7, '2020-05-02', '2020-05-18'),
(173463918, '21471292727', 4, 28, '2020-02-03', '2020-02-17'),
(173463918, '23529279507', 23, 52, '2019-03-08', '2019-03-17'),
(173463918, '54727844073', 33, 2, '2020-12-15', '2020-12-28'),
(173478285, '23529279507', 6, 73, '2021-11-20', '2021-12-07'),
(173478285, '84811481404', 23, 57, '2019-04-27', '2019-05-09'),
(187422474, '45343288796', 40, 37, '2019-05-19', '2019-05-30'),
(187422474, '56513988360', 6, 25, '2020-06-28', '2020-07-11'),
(189577159, '54727844073', 44, 96, '2019-11-07', '2019-11-17'),
(189577159, '72063333906', 31, 70, '2020-10-25', '2020-11-14'),
(193018442, '23529279507', 34, 12, '2019-03-21', '2019-04-09'),
(200280540, '23529279507', 13, 65, '2021-12-16', '2021-12-31'),
(200280540, '56513988360', 8, 30, '2021-01-15', '2021-01-23'),
(200280540, '72063333906', 25, 35, '2020-03-18', '2020-03-27'),
(200416202, '25459954006', 18, 67, '2020-05-13', '2020-06-02'),
(226744893, '45343288796', 33, 79, '2019-08-11', '2019-08-28'),
(226744893, '84811481404', 9, 42, '2020-10-13', '2020-10-24'),
(234744466, '54727844073', 45, 28, '2019-12-05', '2019-12-16'),
(251231171, '18405590781', 41, 84, '2021-10-06', '2021-10-23'),
(251231171, '56513988360', 50, 42, '2019-05-23', '2019-05-30'),
(280441717, '21471292727', 40, 90, '2021-11-19', '2021-12-03'),
(280441717, '56513988360', 42, 56, '2020-07-13', '2020-07-26'),
(281506647, '54727844073', 10, 42, '2020-02-25', '2020-03-08'),
(281506647, '54727844073', 21, 60, '2020-10-26', '2020-11-05'),
(281506647, '84811481404', 5, 18, '2019-09-23', '2019-10-09'),
(282630807, '21471292727', 47, 84, '2021-05-08', '2021-05-18'),
(282630807, '25459954006', 49, 99, '2021-11-28', '2021-12-13'),
(282630807, '84811481404', 34, 84, '2019-05-21', '2019-06-01'),
(284178384, '23529279507', 20, 9, '2021-05-14', '2021-05-31'),
(311320571, '18405590781', 47, 40, '2020-06-13', '2020-06-23'),
(311320571, '45343288796', 30, 35, '2019-04-07', '2019-04-24'),
(311320571, '54727844073', 8, 23, '2020-04-15', '2020-04-22'),
(311320571, '54727844073', 45, 45, '2020-02-23', '2020-03-04'),
(316627492, '21471292727', 46, 52, '2020-05-14', '2020-05-31'),
(322965866, '45343288796', 22, 78, '2019-04-11', '2019-04-22'),
(322965866, '84811481404', 7, 31, '2019-04-24', '2019-05-11'),
(330481513, '25459954006', 34, 44, '2021-01-14', '2021-02-03'),
(330481513, '45343288796', 45, 92, '2021-03-13', '2021-03-22'),
(346776506, '25459954006', 35, 72, '2021-09-26', '2021-10-08'),
(346776506, '54727844073', 15, 42, '2019-05-16', '2019-05-31'),
(346776506, '54727844073', 40, 54, '2021-06-06', '2021-06-14'),
(353507456, '23529279507', 43, 97, '2020-02-27', '2020-03-14'),
(359379354, '45343288796', 3, 28, '2021-12-03', '2021-12-19'),
(359379354, '84811481404', 47, 18, '2021-07-08', '2021-07-22'),
(365517702, '45343288796', 33, 35, '2019-01-21', '2019-02-08'),
(375091694, '21471292727', 29, 48, '2020-04-26', '2020-05-14'),
(375091694, '56513988360', 7, 24, '2019-06-27', '2019-07-07'),
(375091694, '84811481404', 9, 61, '2021-02-25', '2021-03-10'),
(383474042, '23529279507', 43, 88, '2020-07-18', '2020-08-06'),
(383474042, '92680183553', 36, 83, '2021-01-03', '2021-01-21'),
(384267204, '21471292727', 34, 78, '2020-12-22', '2021-01-03'),
(384267204, '72063333906', 35, 55, '2021-03-21', '2021-04-10'),
(385160832, '18405590781', 50, 68, '2019-04-04', '2019-04-22'),
(385160832, '54727844073', 13, 18, '2019-07-14', '2019-07-30'),
(387462571, '25459954006', 48, 23, '2020-06-16', '2020-07-04'),
(395085764, '21471292727', 1, 74, '2019-02-03', '2019-02-20'),
(395085764, '21471292727', 17, 99, '2020-09-02', '2020-09-19'),
(395085764, '92680183553', 43, 59, '2019-02-10', '2019-02-22'),
(397640082, '56513988360', 28, 35, '2019-07-24', '2019-08-09'),
(399654919, '56513988360', 34, 33, '2019-08-11', '2019-08-19'),
(416143721, '84811481404', 15, 68, '2019-10-18', '2019-10-29'),
(429638979, '23529279507', 50, 14, '2021-02-10', '2021-03-02'),
(429638979, '25459954006', 34, 94, '2021-07-28', '2021-08-15'),
(429638979, '45343288796', 49, 63, '2020-12-19', '2021-01-01'),
(429638979, '92680183553', 48, 84, '2021-01-04', '2021-01-13'),
(429941500, '25459954006', 7, 47, '2019-06-02', '2019-06-20'),
(429941500, '54727844073', 46, 97, '2020-09-14', '2020-10-03'),
(429941500, '72063333906', 50, 63, '2021-10-04', '2021-10-24'),
(433348209, '21471292727', 35, 67, '2019-07-24', '2019-08-04'),
(433348209, '25459954006', 44, 61, '2021-10-16', '2021-11-04'),
(452415025, '56513988360', 13, 26, '2019-11-18', '2019-11-30'),
(459166029, '21471292727', 6, 30, '2021-10-05', '2021-10-14'),
(459166029, '25459954006', 21, 42, '2021-12-28', '2022-01-10'),
(459166029, '25459954006', 25, 53, '2019-06-08', '2019-06-26'),
(459166029, '72063333906', 40, 16, '2021-07-20', '2021-08-09'),
(459166029, '84811481404', 26, 23, '2020-07-17', '2020-07-28'),
(459626103, '21471292727', 17, 67, '2021-02-25', '2021-03-04'),
(462107078, '18405590781', 10, 1, '2021-05-01', '2021-05-19'),
(462107078, '18405590781', 29, 65, '2019-09-27', '2019-10-06'),
(462107078, '25459954006', 42, 95, '2020-08-14', '2020-08-29'),
(462107078, '56513988360', 1, 52, '2020-06-13', '2020-06-27'),
(462107078, '92680183553', 24, 78, '2021-09-10', '2021-09-22'),
(478208582, '23529279507', 6, 70, '2019-11-02', '2019-11-09'),
(478208582, '23529279507', 11, 5, '2020-04-25', '2020-05-10'),
(478208582, '45343288796', 30, 64, '2021-04-09', '2021-04-29'),
(478208582, '54727844073', 16, 95, '2020-10-19', '2020-11-03'),
(486075109, '21471292727', 50, 72, '2021-01-15', '2021-01-26'),
(486075109, '25459954006', 27, 25, '2021-02-23', '2021-03-06'),
(495860282, '23529279507', 34, 38, '2021-11-23', '2021-12-11'),
(508735062, '23529279507', 21, 72, '2019-06-24', '2019-07-14'),
(508735062, '23529279507', 42, 80, '2020-10-16', '2020-10-26'),
(508735062, '25459954006', 27, 41, '2020-03-17', '2020-04-06'),
(508735062, '56513988360', 49, 30, '2020-03-04', '2020-03-21'),
(513141394, '18405590781', 45, 87, '2021-03-22', '2021-03-29'),
(513141394, '21471292727', 23, 86, '2021-04-18', '2021-05-03'),
(513141394, '21471292727', 27, 80, '2020-02-14', '2020-03-05'),
(513362972, '18405590781', 3, 62, '2020-03-01', '2020-03-21'),
(513362972, '18405590781', 12, 27, '2020-02-03', '2020-02-17'),
(513362972, '23529279507', 45, 80, '2020-01-09', '2020-01-23'),
(513362972, '25459954006', 49, 1, '2020-01-04', '2020-01-23'),
(513362972, '56513988360', 3, 5, '2019-05-22', '2019-06-05'),
(519509025, '54727844073', 41, 17, '2020-05-07', '2020-05-16'),
(519509025, '92680183553', 11, 62, '2021-06-16', '2021-07-01'),
(521163653, '21471292727', 42, 68, '2020-02-23', '2020-03-10'),
(521163653, '23529279507', 18, 26, '2019-10-18', '2019-11-01'),
(528361294, '84811481404', 5, 49, '2020-06-14', '2020-06-27'),
(535357757, '23529279507', 30, 24, '2021-05-18', '2021-06-05'),
(535357757, '72063333906', 10, 42, '2021-05-14', '2021-05-30'),
(540881121, '21471292727', 14, 66, '2020-01-20', '2020-02-05'),
(540881121, '21471292727', 35, 63, '2019-11-08', '2019-11-16'),
(540881121, '54727844073', 21, 92, '2020-09-09', '2020-09-20'),
(541684926, '25459954006', 8, 36, '2021-03-22', '2021-03-30'),
(541684926, '92680183553', 37, 70, '2019-07-16', '2019-07-31'),
(550247892, '45343288796', 34, 70, '2021-11-15', '2021-12-01'),
(554646539, '45343288796', 10, 13, '2021-05-02', '2021-05-19'),
(554646539, '45343288796', 33, 20, '2021-12-20', '2022-01-04'),
(554646539, '72063333906', 8, 18, '2020-09-24', '2020-10-12'),
(554646539, '72063333906', 20, 59, '2020-08-23', '2020-08-31'),
(554646539, '84811481404', 39, 23, '2020-09-20', '2020-10-01'),
(565814449, '84811481404', 12, 35, '2019-01-26', '2019-02-06'),
(566591700, '23529279507', 28, 50, '2021-03-16', '2021-03-24'),
(567234845, '54727844073', 13, 97, '2019-01-01', '2019-01-13'),
(567234845, '56513988360', 2, 71, '2020-11-09', '2020-11-24'),
(574480568, '21471292727', 28, 8, '2020-05-02', '2020-05-12'),
(578326445, '54727844073', 45, 96, '2021-05-13', '2021-05-30'),
(578326445, '72063333906', 28, 64, '2019-03-19', '2019-03-30'),
(578751093, '23529279507', 14, 78, '2021-04-08', '2021-04-22'),
(578751093, '72063333906', 27, 80, '2020-02-14', '2020-02-21'),
(585479328, '23529279507', 33, 85, '2019-11-28', '2019-12-16'),
(585479328, '56513988360', 48, 21, '2019-12-10', '2019-12-17'),
(588951615, '23529279507', 44, 78, '2020-12-09', '2020-12-24'),
(588951615, '25459954006', 17, 16, '2019-01-11', '2019-01-29'),
(588951615, '56513988360', 43, 41, '2020-08-09', '2020-08-29'),
(588951615, '72063333906', 29, 78, '2020-01-08', '2020-01-16'),
(589051709, '23529279507', 47, 75, '2021-06-22', '2021-07-12'),
(594366416, '21471292727', 46, 5, '2019-06-07', '2019-06-14'),
(600302555, '45343288796', 34, 68, '2019-01-27', '2019-02-03'),
(600302555, '84811481404', 21, 7, '2020-01-05', '2020-01-22'),
(606106585, '18405590781', 36, 68, '2021-10-26', '2021-11-12'),
(634105802, '23529279507', 16, 65, '2019-12-16', '2020-01-02'),
(634105802, '25459954006', 44, 15, '2019-01-02', '2019-01-21'),
(634105802, '72063333906', 10, 85, '2020-09-08', '2020-09-28'),
(642219968, '72063333906', 27, 29, '2020-12-26', '2021-01-04'),
(642219968, '72063333906', 29, 34, '2020-07-26', '2020-08-06'),
(654127642, '84811481404', 25, 55, '2020-01-09', '2020-01-27'),
(669235532, '21471292727', 1, 74, '2020-06-23', '2020-07-11'),
(669235532, '92680183553', 39, 86, '2020-08-16', '2020-08-28'),
(678590435, '21471292727', 35, 17, '2019-05-16', '2019-05-25'),
(678590435, '92680183553', 20, 4, '2021-10-20', '2021-11-06'),
(696936038, '25459954006', 10, 54, '2020-11-24', '2020-12-10'),
(696936038, '25459954006', 33, 80, '2021-06-20', '2021-07-07'),
(696936038, '84811481404', 50, 75, '2019-08-01', '2019-08-12'),
(696936038, '92680183553', 6, 11, '2021-04-17', '2021-05-02'),
(696936038, '92680183553', 8, 24, '2020-05-06', '2020-05-22'),
(698050910, '54727844073', 12, 52, '2019-02-11', '2019-02-28'),
(705094575, '25459954006', 11, 12, '2019-05-20', '2019-06-06'),
(705094575, '25459954006', 15, 15, '2021-06-16', '2021-06-28'),
(707643265, '18405590781', 7, 41, '2021-09-16', '2021-09-23'),
(707643265, '18405590781', 21, 70, '2021-08-10', '2021-08-28'),
(712462256, '21471292727', 8, 51, '2021-09-02', '2021-09-20'),
(723918270, '18405590781', 28, 80, '2021-09-12', '2021-09-28'),
(723918270, '18405590781', 50, 79, '2019-01-12', '2019-02-01'),
(723918270, '45343288796', 15, 29, '2019-05-18', '2019-05-29'),
(723918270, '72063333906', 2, 78, '2020-02-19', '2020-03-03'),
(723918270, '72063333906', 27, 21, '2019-01-17', '2019-02-03'),
(723918270, '92680183553', 21, 24, '2019-09-20', '2019-10-03'),
(728930814, '18405590781', 6, 25, '2020-03-17', '2020-04-02'),
(728930814, '84811481404', 43, 61, '2021-05-09', '2021-05-26'),
(743748019, '18405590781', 33, 34, '2020-12-17', '2020-12-30'),
(743748019, '54727844073', 31, 45, '2019-05-04', '2019-05-24'),
(743748019, '84811481404', 23, 59, '2019-02-09', '2019-02-22'),
(752272559, '56513988360', 45, 87, '2019-08-24', '2019-09-02'),
(772727325, '18405590781', 42, 22, '2019-08-01', '2019-08-20'),
(772727325, '54727844073', 37, 5, '2021-08-24', '2021-09-11'),
(777369617, '21471292727', 20, 50, '2020-07-21', '2020-08-07'),
(777369617, '23529279507', 31, 43, '2021-06-09', '2021-06-26'),
(777369617, '25459954006', 18, 33, '2019-11-04', '2019-11-16'),
(777710796, '45343288796', 37, 45, '2020-03-27', '2020-04-05'),
(779422369, '18405590781', 20, 82, '2021-08-05', '2021-08-16'),
(779422369, '21471292727', 6, 20, '2021-12-12', '2021-12-30'),
(786188931, '18405590781', 30, 6, '2021-05-23', '2021-06-08'),
(786188931, '56513988360', 20, 33, '2021-02-07', '2021-02-18'),
(789385823, '23529279507', 12, 2, '2020-09-25', '2020-10-07'),
(789385823, '45343288796', 18, 97, '2020-11-25', '2020-12-14'),
(789385823, '45343288796', 29, 7, '2021-09-20', '2021-10-01'),
(789385823, '84811481404', 29, 38, '2019-08-21', '2019-09-10'),
(793818353, '18405590781', 11, 50, '2019-03-21', '2019-04-04'),
(793818353, '72063333906', 36, 31, '2019-04-15', '2019-05-02'),
(794478961, '18405590781', 32, 60, '2019-04-07', '2019-04-17'),
(803351334, '18405590781', 13, 12, '2021-02-08', '2021-02-26'),
(803351334, '18405590781', 16, 23, '2019-05-04', '2019-05-13'),
(803351334, '21471292727', 33, 29, '2020-07-27', '2020-08-08'),
(803351334, '25459954006', 48, 59, '2020-03-03', '2020-03-10'),
(824327406, '18405590781', 49, 68, '2021-05-08', '2021-05-20'),
(824327406, '92680183553', 24, 61, '2019-06-05', '2019-06-12'),
(824732984, '23529279507', 46, 54, '2019-05-21', '2019-06-09'),
(824732984, '25459954006', 9, 98, '2019-10-06', '2019-10-23'),
(824732984, '45343288796', 24, 75, '2020-07-18', '2020-07-29'),
(826664007, '23529279507', 4, 68, '2020-10-22', '2020-11-03'),
(826664007, '84811481404', 17, 87, '2020-09-27', '2020-10-11'),
(838808563, '18405590781', 36, 98, '2021-04-24', '2021-05-06'),
(838808563, '21471292727', 3, 5, '2020-11-28', '2020-12-18'),
(838808563, '25459954006', 44, 87, '2020-02-22', '2020-03-01'),
(838808563, '45343288796', 26, 90, '2020-09-12', '2020-09-22'),
(841327670, '54727844073', 2, 11, '2020-01-17', '2020-01-27'),
(868098986, '23529279507', 34, 16, '2020-12-06', '2020-12-26'),
(868098986, '25459954006', 47, 93, '2019-02-05', '2019-02-16'),
(868098986, '54727844073', 43, 49, '2019-03-22', '2019-03-29'),
(874378206, '21471292727', 39, 28, '2021-11-03', '2021-11-21'),
(880885281, '18405590781', 34, 79, '2021-10-20', '2021-11-05'),
(880885281, '23529279507', 3, 48, '2019-02-02', '2019-02-22'),
(894508304, '18405590781', 42, 46, '2019-07-06', '2019-07-24'),
(904936945, '21471292727', 14, 63, '2019-02-13', '2019-02-23'),
(904936945, '21471292727', 16, 10, '2021-04-07', '2021-04-19'),
(904936945, '92680183553', 36, 94, '2020-06-09', '2020-06-22'),
(911438692, '21471292727', 48, 58, '2021-11-13', '2021-11-20'),
(911438692, '54727844073', 15, 99, '2021-08-26', '2021-09-06'),
(911438692, '84811481404', 18, 67, '2021-06-24', '2021-07-11'),
(911438692, '92680183553', 37, 4, '2019-04-03', '2019-04-10'),
(928937201, '56513988360', 36, 59, '2020-04-27', '2020-05-13'),
(959018623, '23529279507', 39, 91, '2021-06-16', '2021-06-24'),
(959018623, '56513988360', 16, 23, '2019-12-07', '2019-12-21'),
(959018623, '72063333906', 9, 27, '2020-06-19', '2020-07-03'),
(959512174, '25459954006', 11, 80, '2020-07-04', '2020-07-11'),
(959512174, '56513988360', 26, 91, '2021-03-16', '2021-04-01'),
(961234446, '21471292727', 1, 74, '2020-02-23', '2020-03-12'),
(961234446, '21471292727', 23, 78, '2020-12-04', '2020-12-21'),
(961234446, '21471292727', 36, 14, '2021-07-06', '2021-07-15'),
(961234446, '45343288796', 5, 96, '2020-06-24', '2020-07-07'),
(961234446, '54727844073', 50, 59, '2019-05-23', '2019-06-03'),
(961234446, '72063333906', 20, 84, '2021-08-26', '2021-09-13'),
(961525885, '21471292727', 17, 18, '2019-01-02', '2019-01-15'),
(961525885, '21471292727', 37, 78, '2020-06-10', '2020-06-26'),
(961525885, '23529279507', 34, 33, '2021-03-26', '2021-04-13'),
(961525885, '56513988360', 34, 73, '2021-09-21', '2021-10-02'),
(962247604, '56513988360', 10, 16, '2020-07-20', '2020-07-30'),
(962247604, '72063333906', 7, 75, '2020-05-19', '2020-05-30'),
(979877153, '45343288796', 48, 33, '2021-08-07', '2021-08-24'),
(980776186, '18405590781', 16, 41, '2021-10-11', '2021-10-31'),
(980776186, '21471292727', 38, 13, '2019-03-07', '2019-03-20'),
(980776186, '56513988360', 6, 27, '2019-06-13', '2019-06-25'),
(989330512, '18405590781', 24, 32, '2019-04-11', '2019-05-01'),
(989330512, '54727844073', 38, 30, '2019-04-28', '2019-05-08'),
(989330512, '56513988360', 34, 56, '2020-04-17', '2020-04-27'),
(989330512, '92680183553', 30, 90, '2020-08-09', '2020-08-28'),
(996600805, '21471292727', 31, 6, '2019-04-08', '2019-04-18');

--
-- Trigger `ordinenormalizzato`
--
DELIMITER $$
CREATE TRIGGER `aggiornaCostiNormalizzato` BEFORE INSERT ON `ordinenormalizzato` FOR EACH ROW UPDATE Prodotto
SET Prodotto.PrezzoEffettivo = 
        Prodotto.PrezzoEffettivo + new.Quantita*(SELECT Prezzo
                       							 FROM normalizzato
                   								 WHERE normalizzato.IDmateriaPrima =
               								        new.IDmateriaPrima)
WHERE Prodotto.IDprodotto = new.IDprodotto
$$
DELIMITER ;

-- --------------------------------------------------------

--
-- Struttura della tabella `prodotto`
--

CREATE TABLE `prodotto` (
  `IDprodotto` int(11) NOT NULL,
  `NumCollaudi` int(11) DEFAULT NULL,
  `DataInizio` date NOT NULL,
  `DataScadenza` date NOT NULL,
  `DataConsegna` date DEFAULT NULL,
  `PrezzoEffettivo` float DEFAULT NULL,
  `IDcommessa` int(11) DEFAULT NULL
) ENGINE=InnoDB DEFAULT CHARSET=utf8mb4;

--
-- Dump dei dati per la tabella `prodotto`
--

INSERT INTO `prodotto` (`IDprodotto`, `NumCollaudi`, `DataInizio`, `DataScadenza`, `DataConsegna`, `PrezzoEffettivo`, `IDcommessa`) VALUES
(1, 1, '2020-06-27', '2020-08-01', '2020-07-27', 463517, 41),
(2, 2, '2020-09-26', '2020-11-08', '2020-11-05', 16132, 14),
(3, 6, '2021-09-02', '2021-10-21', '2021-11-03', 150985, 2),
(4, 5, '2020-05-27', '2020-07-01', '2020-07-14', 15995, 48),
(5, 3, '2019-01-09', '2019-03-04', '2019-03-01', 298539, 30),
(6, 2, '2020-08-18', '2020-09-24', '2020-09-26', 131269, 8),
(7, 1, '2020-10-02', '2020-11-14', '2020-11-20', 285771, 32),
(8, 1, '2020-05-25', '2020-07-04', '2020-06-28', 392919, 9),
(9, 3, '2020-02-11', '2020-03-28', '2020-04-10', 26074, 27),
(10, 0, '2019-06-08', '2019-07-21', '2019-07-16', 29142, 22),
(11, 6, '2021-01-15', '2021-02-19', '2021-02-20', 561724, 12),
(12, 7, '2019-09-26', '2019-11-04', '2019-11-17', 436028, 5),
(13, 1, '2019-03-12', '2019-05-06', '2019-05-11', 149664, 26),
(14, 4, '2020-08-09', '2020-09-29', '2020-09-23', 21485, 3),
(15, 4, '2020-06-27', '2020-08-21', '2020-08-18', 721334, 38),
(16, 1, '2021-10-20', '2021-12-08', '2021-12-08', 258483, 10),
(17, 0, '2020-01-04', '2020-02-23', '2020-02-22', 91359, 33),
(18, 6, '2019-11-02', '2019-12-17', '2019-12-15', 719563, 4),
(19, 2, '2021-01-24', '2021-03-09', '2021-03-20', 5918, 20),
(20, 2, '2021-11-19', '2022-01-09', '2022-01-03', 32934, 42),
(21, 1, '2019-12-03', '2020-01-13', '2020-01-21', 99026, 18),
(22, 0, '2020-05-01', '2020-06-08', '2020-06-14', 101375, 11),
(23, 0, '2021-05-09', '2021-06-20', '2021-06-19', 27799, 35),
(24, 7, '2019-11-24', '2020-01-14', '2020-01-08', 229326, 37),
(25, 2, '2019-08-28', '2019-10-05', '2019-10-09', 109046, 17),
(26, 7, '2021-08-20', '2021-10-03', '2021-09-27', 404770, 23),
(27, 6, '2020-04-18', '2020-06-08', '2020-06-01', 18893, 6),
(28, 7, '2021-08-16', '2021-10-07', '2021-10-07', 18646, 50),
(29, 5, '2019-07-10', '2019-08-20', '2019-08-24', 506896, 19),
(30, 1, '2019-06-05', '2019-07-22', '2019-07-25', 118044, 34),
(31, 1, '2020-01-05', '2020-02-21', '2020-02-23', 41241, 21),
(32, 3, '2019-09-08', '2019-10-29', '2019-10-24', 8136, 49),
(33, 7, '2021-05-06', '2021-06-23', '2021-06-21', 307951, 36),
(34, 5, '2020-06-21', '2020-07-27', '2020-08-08', 560918, 43),
(35, 5, '2019-02-26', '2019-04-17', '2019-04-25', 548044, 7),
(36, 5, '2020-10-03', '2020-11-14', '2020-11-15', 588431, 1),
(37, 4, '2020-11-20', '2021-01-02', '2021-01-04', 241102, 16),
(38, 6, '2021-12-16', '2022-01-26', '2022-02-09', 65789, 13),
(39, 5, '2019-07-26', '2019-09-05', '2019-09-12', 472153, 15),
(40, 3, '2019-06-17', '2019-08-09', '2019-08-03', 274498, 31),
(41, 6, '2021-11-07', '2021-12-21', '2021-12-20', 48339, 44),
(42, 5, '2020-12-10', '2021-01-25', '2021-02-05', 584571, 39),
(43, 0, '2020-10-21', '2020-12-12', '2020-12-09', 593659, 46),
(44, 2, '2019-06-06', '2019-07-25', '2019-08-03', 493477, 28),
(45, 3, '2021-04-18', '2021-05-31', '2021-05-29', 178778, 25),
(46, 7, '2021-01-15', '2021-03-04', '2021-03-06', 494465, 47),
(47, 6, '2019-07-03', '2019-08-27', '2019-08-28', 328130, 29),
(48, 4, '2020-02-28', '2020-04-10', '2020-04-15', 510762, 45),
(49, 0, '2020-05-06', '2020-06-24', '2020-07-03', 24421, 40),
(50, 4, '2020-10-25', '2020-12-07', '2020-12-09', 356625, 24);

-- --------------------------------------------------------

--
-- Struttura della tabella `svolgimento`
--

CREATE TABLE `svolgimento` (
  `Data` date DEFAULT NULL,
  `OreLavorate` int(11) DEFAULT NULL,
  `NomeAttivita` varchar(20) NOT NULL,
  `IDdipendente` int(11) DEFAULT NULL,
  `IDprodotto` int(11) NOT NULL
) ;

--
-- Dump dei dati per la tabella `svolgimento`
--

INSERT INTO `svolgimento` (`Data`, `OreLavorate`, `NomeAttivita`, `IDdipendente`, `IDprodotto`) VALUES
('2019-06-14', 4, 'Trapano', 13, 10),
('2019-01-31', 5, 'Aggiustaggio', 13, 5),
('2019-12-13', 5, 'FresaturaCO', 5, 24),
('2020-06-27', 4, 'Progettazione', 1, 49),
('2021-09-02', 6, 'FresaturaCO', 5, 26),
('2020-12-05', 1, 'FresaturaCO', 8, 43),
('2020-08-09', 4, 'Aggiustaggio', 10, 14),
('2019-11-07', 7, 'Trapano', 15, 18),
('2020-02-29', 5, 'Progettazione', 3, 9),
('2020-05-29', 2, 'Aggiustaggio', 15, 8),
('2020-01-08', 4, 'Progettazione', 2, 21),
('2019-10-31', 4, 'FresaturaSO', 9, 12),
('2021-01-17', 5, 'FresaturaCO', 5, 11),
('2021-09-26', 4, 'Aggiustaggio', 15, 28),
('2021-05-24', 6, 'Progettazione', 4, 23),
('2019-11-29', 7, 'FresaturaSO', 6, 24),
('2022-01-01', 6, 'FresaturaSO', 7, 20),
('2020-07-02', 7, 'FresaturaCO', 7, 15),
('2020-08-27', 3, 'Aggiustaggio', 14, 6),
('2019-07-12', 7, 'Progettazione', 4, 47),
('2019-04-25', 7, 'Progettazione', 3, 13),
('2020-06-16', 1, 'FresaturaCO', 8, 4),
('2020-12-05', 5, 'FresaturaSO', 9, 43),
('2020-02-08', 2, 'Progettazione', 2, 31),
('2019-06-13', 3, 'Progettazione', 3, 10),
('2019-07-09', 6, 'Progettazione', 4, 30),
('2019-12-23', 5, 'FresaturaSO', 6, 24),
('2022-02-02', 4, 'Progettazione', 1, 38),
('2021-12-26', 5, 'Aggiustaggio', 11, 20),
('2021-05-29', 6, 'Trapano', 10, 23),
('2020-07-15', 6, 'Aggiustaggio', 12, 15),
('2020-05-19', 7, 'Aggiustaggio', 15, 27),
('2020-02-29', 2, 'FresaturaCO', 8, 9),
('2020-02-21', 1, 'Progettazione', 3, 31),
('2020-07-16', 4, 'FresaturaCO', 6, 34),
('2019-12-12', 6, 'Progettazione', 3, 24),
('2020-05-30', 3, 'Aggiustaggio', 15, 27),
('2019-12-04', 6, 'Trapano', 13, 18),
('2021-09-02', 7, 'Aggiustaggio', 13, 3),
('2020-12-08', 2, 'FresaturaSO', 9, 37),
('2021-04-24', 4, 'Progettazione', 2, 45),
('2019-03-29', 7, 'Trapano', 14, 13),
('2021-02-12', 1, 'Aggiustaggio', 15, 11),
('2020-06-01', 4, 'Progettazione', 3, 4),
('2021-03-12', 4, 'FresaturaCO', 6, 19),
('2019-04-13', 6, 'Trapano', 13, 13),
('2020-03-14', 5, 'FresaturaSO', 8, 48),
('2021-05-11', 3, 'FresaturaCO', 5, 45),
('2020-12-01', 4, 'Progettazione', 2, 50),
('2019-07-14', 4, 'FresaturaCO', 6, 40),
('2020-10-26', 7, 'FresaturaCO', 9, 36),
('2019-07-14', 1, 'Aggiustaggio', 10, 44),
('2020-08-21', 6, 'Progettazione', 1, 6),
('2020-02-07', 3, 'FresaturaCO', 9, 17),
('2020-11-07', 1, 'Progettazione', 1, 7),
('2019-10-01', 2, 'FresaturaCO', 5, 25),
('2019-06-09', 4, 'FresaturaCO', 6, 44),
('2020-06-03', 3, 'Progettazione', 3, 4),
('2019-11-26', 1, 'FresaturaCO', 6, 18),
('2020-01-04', 5, 'Progettazione', 3, 21),
('2021-03-09', 4, 'FresaturaCO', 9, 19),
('2021-11-16', 6, 'Progettazione', 2, 16),
('2021-05-19', 1, 'Progettazione', 1, 45),
('2021-10-27', 1, 'FresaturaSO', 7, 16),
('2019-03-22', 6, 'Aggiustaggio', 15, 13),
('2019-07-23', 4, 'FresaturaCO', 6, 30),
('2020-06-27', 2, 'Trapano', 11, 1),
('2020-09-05', 2, 'Aggiustaggio', 14, 6),
('2020-06-06', 1, 'Trapano', 14, 49),
('2019-02-12', 3, 'Trapano', 14, 5),
('2021-11-19', 2, 'Aggiustaggio', 14, 16),
('2021-05-20', 2, 'Aggiustaggio', 11, 23),
('2019-10-16', 6, 'FresaturaCO', 7, 32),
('2020-06-27', 6, 'FresaturaSO', 5, 34),
('2019-09-01', 7, 'Aggiustaggio', 14, 39),
('2021-06-05', 2, 'Trapano', 11, 33),
('2021-05-25', 5, 'FresaturaCO', 9, 45),
('2020-10-08', 4, 'FresaturaCO', 8, 2),
('2019-07-07', 1, 'Progettazione', 4, 30),
('2021-01-19', 3, 'Trapano', 14, 42),
('2021-12-24', 3, 'Progettazione', 3, 20),
('2020-03-22', 2, 'Trapano', 14, 9),
('2020-10-11', 5, 'FresaturaCO', 6, 36),
('2020-12-02', 5, 'Aggiustaggio', 10, 50),
('2019-09-29', 6, 'Aggiustaggio', 10, 25),
('2020-05-30', 2, 'FresaturaSO', 6, 49),
('2020-11-10', 4, 'Progettazione', 2, 36),
('2020-12-05', 1, 'Aggiustaggio', 11, 37),
('2021-03-10', 3, 'Aggiustaggio', 10, 19),
('2020-09-21', 2, 'Trapano', 15, 6),
('2020-06-01', 4, 'Trapano', 15, 8),
('2019-08-26', 4, 'FresaturaSO', 6, 47),
('2020-11-16', 4, 'FresaturaCO', 6, 7),
('2020-10-19', 2, 'Aggiustaggio', 12, 2),
('2020-07-05', 7, 'Trapano', 10, 15),
('2021-12-16', 2, 'FresaturaCO', 9, 20),
('2021-03-14', 6, 'Trapano', 12, 19),
('2019-04-04', 2, 'FresaturaSO', 8, 35),
('2019-07-29', 6, 'Aggiustaggio', 12, 29),
('2020-07-11', 2, 'FresaturaCO', 6, 1),
('2019-09-28', 2, 'Progettazione', 4, 32),
('2021-06-17', 4, 'FresaturaCO', 5, 23),
('2019-06-25', 4, 'FresaturaSO', 9, 10),
('2020-06-16', 6, 'Progettazione', 2, 49),
('2019-12-03', 3, 'Trapano', 10, 21),
('2019-10-06', 2, 'FresaturaCO', 9, 25),
('2020-01-04', 4, 'FresaturaSO', 9, 21),
('2020-05-05', 2, 'Trapano', 13, 22),
('2021-12-01', 4, 'FresaturaCO', 5, 41),
('2020-09-27', 1, 'FresaturaCO', 9, 2),
('2019-04-28', 5, 'Progettazione', 2, 13),
('2020-08-11', 6, 'Trapano', 13, 14),
('2019-12-14', 6, 'FresaturaSO', 9, 21),
('2020-11-03', 3, 'FresaturaCO', 6, 50),
('2021-05-22', 1, 'Trapano', 13, 45),
('2019-01-24', 7, 'FresaturaCO', 9, 5),
('2021-12-06', 4, 'Progettazione', 4, 20),
('2021-11-27', 5, 'FresaturaCO', 8, 20),
('2020-03-19', 4, 'Aggiustaggio', 14, 9),
('2019-11-11', 5, 'Progettazione', 2, 18),
('2020-02-13', 5, 'Trapano', 14, 17),
('2019-11-18', 5, 'FresaturaSO', 5, 18),
('2020-10-08', 3, 'FresaturaSO', 6, 36),
('2019-04-15', 5, 'Aggiustaggio', 13, 13),
('2019-01-19', 4, 'Aggiustaggio', 13, 5),
('2020-07-02', 3, 'FresaturaCO', 5, 15),
('2020-10-24', 2, 'Aggiustaggio', 10, 36),
('2019-06-26', 2, 'Aggiustaggio', 11, 10),
('2020-11-11', 1, 'Progettazione', 2, 50),
('2021-01-17', 7, 'FresaturaCO', 7, 46),
('2020-01-01', 3, 'Aggiustaggio', 15, 24),
('2019-10-06', 2, 'Trapano', 15, 25),
('2021-06-08', 2, 'Progettazione', 3, 33),
('2020-07-14', 1, 'Progettazione', 3, 34),
('2020-07-02', 3, 'FresaturaSO', 9, 4),
('2019-07-09', 7, 'FresaturaCO', 5, 30),
('2020-03-17', 5, 'Trapano', 12, 48),
('2021-11-20', 3, 'FresaturaSO', 6, 20),
('2021-04-25', 1, 'Progettazione', 2, 45),
('2019-12-01', 3, 'FresaturaSO', 8, 18),
('2021-05-28', 4, 'Progettazione', 3, 33),
('2019-07-10', 6, 'FresaturaSO', 8, 10),
('2020-11-10', 5, 'Aggiustaggio', 11, 43),
('2021-01-27', 4, 'Aggiustaggio', 15, 46),
('2021-08-21', 5, 'Trapano', 10, 28),
('2019-08-17', 5, 'Aggiustaggio', 10, 47),
('2019-09-13', 6, 'Trapano', 10, 32),
('2020-01-09', 3, 'FresaturaCO', 7, 21),
('2021-01-25', 2, 'Trapano', 10, 46),
('2020-12-31', 5, 'Progettazione', 2, 42),
('2019-07-24', 3, 'Trapano', 11, 40),
('2021-11-29', 4, 'FresaturaCO', 6, 41),
('2019-07-08', 3, 'Trapano', 10, 10),
('2021-01-04', 1, 'FresaturaSO', 6, 42),
('2019-07-02', 3, 'Aggiustaggio', 13, 10),
('2019-07-09', 2, 'Trapano', 12, 47),
('2020-11-07', 4, 'Trapano', 10, 36),
('2021-05-28', 1, 'Aggiustaggio', 10, 23),
('2019-07-05', 2, 'Aggiustaggio', 14, 47),
('2020-11-03', 1, 'Aggiustaggio', 11, 36),
('2021-03-08', 6, 'Progettazione', 3, 19),
('2019-11-28', 6, 'Trapano', 15, 18),
('2020-05-30', 5, 'Progettazione', 3, 22),
('2020-11-02', 1, 'Progettazione', 2, 2),
('2021-08-28', 7, 'Aggiustaggio', 15, 26),
('2019-11-02', 3, 'FresaturaSO', 9, 18),
('2022-01-31', 7, 'FresaturaSO', 7, 38),
('2019-04-29', 2, 'FresaturaCO', 9, 13),
('2019-10-06', 3, 'Trapano', 10, 32),
('2020-05-02', 4, 'FresaturaCO', 8, 22),
('2020-07-13', 1, 'Progettazione', 4, 1),
('2020-05-29', 5, 'FresaturaSO', 5, 8),
('2019-10-15', 2, 'Aggiustaggio', 13, 12),
('2020-11-07', 1, 'FresaturaCO', 8, 43),
('2021-02-07', 2, 'Progettazione', 2, 19),
('2019-03-14', 4, 'FresaturaSO', 8, 13),
('2019-07-15', 5, 'FresaturaSO', 6, 29),
('2021-09-06', 7, 'FresaturaCO', 5, 3),
('2020-05-10', 6, 'FresaturaSO', 5, 49),
('2020-07-16', 3, 'Trapano', 12, 1),
('2022-01-26', 4, 'Trapano', 13, 38),
('2020-12-01', 6, 'Progettazione', 3, 50),
('2019-01-28', 1, 'Aggiustaggio', 13, 5),
('2020-05-30', 5, 'Progettazione', 4, 27),
('2020-09-01', 7, 'FresaturaSO', 8, 6),
('2021-12-16', 4, 'FresaturaSO', 7, 38),
('2020-09-13', 1, 'Progettazione', 4, 14),
('2021-06-04', 3, 'FresaturaSO', 5, 33),
('2021-05-11', 2, 'Aggiustaggio', 14, 23),
('2020-11-12', 5, 'FresaturaSO', 6, 50),
('2019-04-06', 5, 'FresaturaSO', 6, 13),
('2021-01-01', 4, 'Progettazione', 1, 37),
('2020-06-11', 5, 'Progettazione', 4, 8),
('2019-06-10', 6, 'FresaturaSO', 6, 44),
('2021-11-18', 6, 'FresaturaCO', 8, 41),
('2021-06-15', 1, 'Trapano', 12, 23),
('2020-11-04', 3, 'Aggiustaggio', 11, 50),
('2020-12-06', 3, 'FresaturaSO', 5, 37),
('2019-04-12', 1, 'FresaturaCO', 6, 13),
('2021-09-17', 4, 'Trapano', 13, 3),
('2020-12-05', 5, 'Aggiustaggio', 12, 50),
('2019-09-30', 2, 'FresaturaSO', 5, 12),
('2019-02-21', 5, 'Aggiustaggio', 14, 5),
('2021-02-15', 4, 'FresaturaCO', 7, 46),
('2020-07-05', 5, 'Progettazione', 3, 1),
('2020-01-12', 4, 'FresaturaSO', 8, 31),
('2021-03-03', 7, 'Trapano', 15, 19),
('2019-08-23', 1, 'Progettazione', 3, 29),
('2020-10-21', 4, 'FresaturaSO', 8, 2),
('2020-02-16', 2, 'FresaturaCO', 6, 31),
('2021-12-29', 4, 'FresaturaCO', 5, 38),
('2019-03-03', 6, 'Aggiustaggio', 14, 35),
('2020-10-06', 2, 'Trapano', 11, 7),
('2019-12-25', 3, 'Progettazione', 3, 24),
('2019-06-22', 6, 'FresaturaCO', 6, 44),
('2021-12-28', 5, 'Trapano', 14, 20),
('2019-09-29', 7, 'Trapano', 10, 25),
('2019-06-08', 3, 'Progettazione', 4, 30),
('2019-11-20', 2, 'Trapano', 14, 18),
('2019-07-03', 3, 'Progettazione', 1, 10),
('2019-03-05', 5, 'Trapano', 11, 35),
('2019-11-05', 2, 'Trapano', 11, 18),
('2020-06-23', 3, 'FresaturaCO', 8, 49),
('2020-05-09', 3, 'Trapano', 14, 49),
('2019-08-13', 7, 'FresaturaCO', 5, 29),
('2021-02-07', 2, 'Aggiustaggio', 14, 11),
('2020-07-23', 4, 'Aggiustaggio', 15, 15),
('2020-07-15', 3, 'Aggiustaggio', 11, 15),
('2019-01-20', 4, 'FresaturaCO', 9, 5),
('2021-11-26', 4, 'FresaturaSO', 9, 16),
('2020-07-24', 4, 'Aggiustaggio', 11, 34),
('2019-12-11', 2, 'Aggiustaggio', 15, 21),
('2021-05-14', 4, 'Progettazione', 1, 23),
('2021-02-20', 7, 'Trapano', 11, 46),
('2019-07-29', 6, 'Progettazione', 2, 29),
('2019-06-22', 5, 'Progettazione', 4, 30),
('2021-06-18', 5, 'Trapano', 12, 23),
('2020-11-12', 7, 'Trapano', 14, 36),
('2020-04-23', 4, 'Trapano', 11, 27),
('2020-08-21', 4, 'Progettazione', 4, 14),
('2020-06-15', 3, 'Trapano', 11, 8),
('2019-11-06', 2, 'Progettazione', 2, 12),
('2020-05-02', 6, 'Trapano', 10, 27),
('2021-12-23', 5, 'FresaturaCO', 5, 20),
('2020-12-23', 5, 'FresaturaSO', 6, 42),
('2020-07-09', 2, 'FresaturaSO', 9, 15),
('2019-10-23', 1, 'Trapano', 15, 32),
('2020-05-06', 6, 'FresaturaCO', 5, 22),
('2019-07-08', 2, 'Progettazione', 4, 40),
('2019-07-21', 1, 'Trapano', 12, 30),
('2020-06-30', 4, 'Aggiustaggio', 15, 1),
('2020-12-14', 5, 'Aggiustaggio', 11, 37),
('2021-12-10', 4, 'Progettazione', 4, 41),
('2020-11-23', 7, 'FresaturaCO', 7, 50),
('2021-01-24', 7, 'Aggiustaggio', 11, 46),
('2019-06-19', 7, 'Trapano', 11, 40),
('2020-12-25', 5, 'Trapano', 14, 42),
('2020-10-13', 4, 'Trapano', 14, 36),
('2021-05-21', 4, 'FresaturaCO', 6, 23),
('2020-11-27', 2, 'FresaturaSO', 9, 50),
('2020-02-28', 1, 'Aggiustaggio', 12, 9),
('2019-07-12', 5, 'FresaturaSO', 5, 47),
('2021-02-01', 7, 'Progettazione', 4, 42),
('2021-02-03', 3, 'Progettazione', 1, 19),
('2019-06-20', 7, 'FresaturaSO', 8, 40),
('2020-08-14', 1, 'Trapano', 14, 14),
('2020-06-07', 4, 'Aggiustaggio', 13, 8),
('2020-06-05', 5, 'FresaturaSO', 7, 4),
('2019-09-26', 3, 'FresaturaSO', 7, 12),
('2019-02-03', 3, 'Progettazione', 4, 5),
('2019-01-19', 2, 'FresaturaSO', 9, 5),
('2020-10-12', 1, 'Aggiustaggio', 15, 36),
('2020-11-11', 6, 'Trapano', 15, 36),
('2019-06-07', 4, 'Progettazione', 3, 44),
('2020-08-21', 5, 'Progettazione', 1, 6),
('2019-06-08', 6, 'FresaturaSO', 6, 10),
('2020-01-14', 2, 'Progettazione', 2, 21),
('2019-04-21', 4, 'FresaturaCO', 8, 35),
('2020-07-10', 2, 'Progettazione', 2, 15),
('2020-06-04', 4, 'FresaturaSO', 9, 49),
('2019-03-25', 2, 'FresaturaSO', 5, 35),
('2022-01-24', 5, 'Trapano', 11, 38),
('2021-06-03', 2, 'Aggiustaggio', 14, 23),
('2020-01-12', 2, 'Trapano', 14, 17),
('2020-02-06', 2, 'Aggiustaggio', 15, 31),
('2019-06-13', 6, 'FresaturaCO', 9, 30),
('2021-05-31', 2, 'Aggiustaggio', 10, 33),
('2020-10-28', 3, 'FresaturaSO', 6, 2),
('2021-02-01', 4, 'Aggiustaggio', 10, 46),
('2020-06-28', 1, 'Trapano', 10, 15),
('2020-12-24', 4, 'FresaturaCO', 5, 37),
('2021-02-05', 1, 'FresaturaCO', 9, 19),
('2020-08-24', 7, 'FresaturaSO', 6, 6),
('2020-05-31', 1, 'Progettazione', 2, 8),
('2021-11-09', 6, 'FresaturaCO', 7, 41),
('2021-12-03', 6, 'Progettazione', 1, 41),
('2020-09-29', 1, 'Progettazione', 4, 2),
('2019-07-12', 3, 'FresaturaCO', 9, 29),
('2019-11-28', 5, 'Trapano', 15, 18),
('2019-08-22', 4, 'Aggiustaggio', 12, 47),
('2021-02-27', 7, 'Aggiustaggio', 12, 46),
('2021-09-08', 1, 'FresaturaCO', 8, 26),
('2019-12-18', 6, 'Progettazione', 4, 21),
('2020-08-23', 4, 'FresaturaCO', 6, 6),
('2019-11-28', 6, 'Aggiustaggio', 14, 24),
('2021-12-26', 7, 'Aggiustaggio', 14, 20),
('2020-10-05', 6, 'FresaturaCO', 5, 2),
('2020-05-29', 3, 'Trapano', 11, 8),
('2020-11-01', 3, 'Progettazione', 1, 43),
('2020-05-05', 1, 'FresaturaCO', 8, 22),
('2019-07-19', 2, 'Progettazione', 3, 44),
('2019-08-08', 4, 'FresaturaSO', 9, 29),
('2019-09-20', 3, 'Trapano', 10, 25),
('2021-05-14', 7, 'Progettazione', 1, 23),
('2020-01-27', 7, 'FresaturaSO', 6, 31),
('2020-08-06', 5, 'Progettazione', 3, 15),
('2020-05-29', 7, 'Trapano', 12, 27),
('2021-10-04', 5, 'FresaturaCO', 7, 28),
('2021-10-30', 7, 'Trapano', 14, 3),
('2021-01-29', 1, 'Trapano', 12, 11),
('2021-02-12', 1, 'Progettazione', 2, 19),
('2020-06-06', 2, 'FresaturaSO', 5, 8),
('2020-11-01', 5, 'Trapano', 14, 36),
('2021-05-27', 2, 'FresaturaSO', 7, 23),
('2021-08-16', 5, 'Aggiustaggio', 12, 28),
('2020-11-20', 6, 'FresaturaSO', 7, 50),
('2020-12-14', 2, 'Progettazione', 4, 37),
('2021-02-03', 1, 'FresaturaSO', 9, 19),
('2021-05-31', 5, 'Trapano', 10, 33),
('2019-03-24', 4, 'FresaturaCO', 5, 13),
('2021-02-01', 7, 'FresaturaCO', 5, 42),
('2020-04-18', 7, 'Aggiustaggio', 15, 27),
('2020-08-22', 4, 'Progettazione', 4, 6),
('2019-06-27', 2, 'Aggiustaggio', 12, 10),
('2019-11-29', 3, 'FresaturaCO', 8, 24),
('2022-01-05', 6, 'Trapano', 12, 38),
('2020-01-26', 6, 'Aggiustaggio', 12, 17),
('2021-10-03', 7, 'FresaturaSO', 6, 3),
('2019-11-02', 3, 'Trapano', 14, 18),
('2021-05-26', 5, 'FresaturaSO', 6, 23),
('2020-01-04', 7, 'FresaturaSO', 6, 17),
('2019-09-07', 4, 'FresaturaCO', 6, 39),
('2019-09-27', 4, 'Progettazione', 1, 32),
('2019-08-01', 4, 'FresaturaSO', 8, 44),
('2019-07-18', 7, 'Progettazione', 1, 40),
('2020-05-04', 4, 'Aggiustaggio', 10, 22),
('2020-08-07', 3, 'Progettazione', 4, 34),
('2020-02-02', 3, 'FresaturaCO', 8, 17),
('2020-10-28', 1, 'Progettazione', 1, 36),
('2021-06-19', 7, 'Progettazione', 2, 33),
('2020-10-12', 4, 'Trapano', 10, 7),
('2020-11-01', 6, 'FresaturaSO', 7, 50),
('2020-05-09', 4, 'FresaturaCO', 9, 22),
('2020-01-13', 7, 'FresaturaCO', 5, 21),
('2020-10-08', 5, 'Progettazione', 3, 2),
('2020-10-05', 7, 'FresaturaSO', 5, 2),
('2019-07-29', 3, 'Aggiustaggio', 14, 40),
('2019-07-25', 7, 'FresaturaSO', 6, 47),
('2020-06-16', 1, 'FresaturaSO', 9, 4),
('2020-06-21', 7, 'FresaturaSO', 8, 8),
('2020-06-04', 2, 'Trapano', 13, 8),
('2019-11-15', 1, 'Progettazione', 1, 18),
('2020-12-12', 3, 'Progettazione', 2, 37),
('2020-11-10', 6, 'Progettazione', 3, 50),
('2019-02-28', 7, 'Trapano', 11, 5),
('2019-11-07', 5, 'Aggiustaggio', 12, 18),
('2020-07-22', 3, 'Trapano', 11, 34),
('2020-07-30', 1, 'FresaturaSO', 7, 15),
('2020-08-04', 3, 'Progettazione', 3, 34),
('2021-01-25', 3, 'FresaturaCO', 7, 19),
('2020-02-27', 2, 'FresaturaCO', 6, 9),
('2020-05-29', 6, 'FresaturaCO', 9, 27),
('2019-07-29', 3, 'Aggiustaggio', 10, 39),
('2021-06-13', 1, 'Progettazione', 4, 23),
('2020-09-17', 7, 'FresaturaCO', 8, 6),
('2020-04-04', 4, 'FresaturaSO', 6, 48),
('2020-11-06', 4, 'Progettazione', 2, 36),
('2020-06-22', 4, 'Aggiustaggio', 15, 8),
('2019-11-02', 2, 'FresaturaCO', 5, 18),
('2021-09-17', 2, 'Trapano', 10, 26),
('2020-07-15', 1, 'FresaturaSO', 5, 34),
('2019-08-21', 3, 'Progettazione', 4, 39),
('2020-10-06', 5, 'FresaturaCO', 5, 2),
('2020-01-04', 2, 'FresaturaSO', 8, 17),
('2020-08-15', 3, 'Progettazione', 2, 15),
('2019-02-28', 6, 'Progettazione', 3, 5),
('2021-11-25', 4, 'Trapano', 12, 16),
('2019-02-23', 6, 'Progettazione', 3, 5),
('2019-07-08', 6, 'Aggiustaggio', 13, 10),
('2019-08-08', 2, 'FresaturaSO', 9, 39),
('2020-06-22', 7, 'Trapano', 14, 4),
('2020-12-08', 2, 'Aggiustaggio', 10, 50),
('2020-05-07', 6, 'FresaturaSO', 9, 22),
('2021-01-20', 5, 'Aggiustaggio', 10, 11),
('2019-11-04', 2, 'FresaturaCO', 9, 18),
('2022-02-04', 6, 'Progettazione', 4, 38),
('2022-01-07', 2, 'FresaturaSO', 8, 38),
('2021-02-19', 1, 'Aggiustaggio', 13, 46),
('2021-06-18', 7, 'FresaturaCO', 9, 23),
('2020-07-01', 5, 'FresaturaCO', 5, 1),
('2020-08-29', 4, 'FresaturaSO', 5, 14),
('2019-08-02', 6, 'FresaturaCO', 9, 40),
('2019-11-07', 4, 'Aggiustaggio', 13, 12),
('2019-06-21', 7, 'Aggiustaggio', 12, 10),
('2020-05-25', 1, 'Progettazione', 1, 8),
('2019-11-29', 2, 'Aggiustaggio', 13, 18),
('2020-01-29', 1, 'FresaturaSO', 8, 17),
('2019-01-31', 4, 'FresaturaCO', 8, 5),
('2021-02-14', 1, 'FresaturaCO', 8, 46),
('2020-06-13', 5, 'Trapano', 11, 22),
('2019-04-24', 2, 'Trapano', 12, 35),
('2021-01-19', 3, 'FresaturaSO', 9, 42),
('2021-01-27', 5, 'Trapano', 13, 11),
('2019-06-29', 7, 'FresaturaCO', 8, 10),
('2021-01-27', 1, 'Progettazione', 1, 11),
('2020-03-19', 4, 'Aggiustaggio', 10, 48),
('2021-03-09', 5, 'FresaturaSO', 8, 19),
('2021-12-19', 6, 'Trapano', 13, 41),
('2019-06-06', 1, 'FresaturaSO', 8, 30),
('2019-07-22', 2, 'Progettazione', 2, 30),
('2019-03-30', 3, 'FresaturaCO', 5, 13),
('2019-10-21', 7, 'Progettazione', 1, 32),
('2020-05-22', 5, 'Progettazione', 4, 27),
('2020-01-01', 7, 'FresaturaCO', 5, 24),
('2020-06-12', 3, 'FresaturaCO', 8, 22),
('2019-12-10', 7, 'Progettazione', 4, 18),
('2020-07-29', 4, 'Progettazione', 4, 34),
('2019-08-28', 2, 'Trapano', 15, 25),
('2021-03-12', 3, 'Trapano', 13, 19),
('2020-10-23', 7, 'Trapano', 11, 7),
('2020-01-19', 4, 'Aggiustaggio', 12, 21),
('2021-12-17', 3, 'Aggiustaggio', 13, 20),
('2020-11-07', 2, 'Aggiustaggio', 15, 50),
('2019-07-21', 1, 'Trapano', 10, 30),
('2020-11-07', 6, 'FresaturaCO', 9, 36),
('2021-11-15', 3, 'Trapano', 10, 16),
('2019-07-09', 1, 'Trapano', 15, 10),
('2020-06-21', 7, 'Aggiustaggio', 15, 34),
('2019-08-13', 3, 'Progettazione', 4, 39),
('2019-08-23', 2, 'Aggiustaggio', 12, 47),
('2020-11-07', 1, 'Aggiustaggio', 12, 7),
('2020-05-30', 1, 'Aggiustaggio', 15, 22),
('2020-11-05', 3, 'Aggiustaggio', 10, 36),
('2021-12-28', 5, 'Aggiustaggio', 11, 38),
('2020-11-07', 2, 'Aggiustaggio', 10, 36),
('2021-08-22', 7, 'Trapano', 12, 26),
('2021-09-04', 3, 'FresaturaSO', 7, 26),
('2021-09-04', 4, 'FresaturaSO', 5, 28),
('2021-08-31', 7, 'Progettazione', 1, 26),
('2019-08-16', 4, 'FresaturaCO', 5, 29),
('2020-12-09', 1, 'Aggiustaggio', 11, 37),
('2019-06-17', 2, 'FresaturaCO', 5, 10),
('2021-02-11', 2, 'FresaturaCO', 7, 46),
('2021-10-13', 7, 'Progettazione', 1, 3),
('2020-07-10', 5, 'FresaturaCO', 7, 1),
('2019-03-15', 5, 'Aggiustaggio', 12, 13),
('2021-08-28', 4, 'Aggiustaggio', 11, 28),
('2022-01-06', 2, 'FresaturaSO', 7, 38),
('2020-06-08', 7, 'FresaturaCO', 7, 8),
('2020-11-10', 3, 'FresaturaSO', 5, 43),
('2019-03-31', 6, 'Trapano', 14, 13),
('2019-07-23', 4, 'Progettazione', 2, 40),
('2021-09-15', 4, 'FresaturaCO', 5, 26),
('2021-08-20', 2, 'Trapano', 10, 26),
('2020-07-22', 1, 'FresaturaCO', 7, 15),
('2021-01-17', 4, 'Trapano', 13, 11),
('2021-01-25', 5, 'Progettazione', 3, 42),
('2021-09-20', 3, 'FresaturaSO', 8, 26),
('2019-09-08', 2, 'Progettazione', 4, 39),
('2020-06-10', 4, 'Progettazione', 4, 4),
('2019-11-09', 2, 'Aggiustaggio', 15, 18),
('2021-11-24', 7, 'Trapano', 15, 16),
('2021-02-14', 3, 'Progettazione', 2, 11),
('2019-12-19', 5, 'Progettazione', 3, 21),
('2019-09-08', 4, 'Trapano', 14, 25),
('2020-05-09', 3, 'Aggiustaggio', 13, 27),
('2021-11-13', 3, 'FresaturaCO', 5, 41),
('2020-09-11', 7, 'Progettazione', 2, 6),
('2019-10-07', 5, 'FresaturaCO', 6, 32),
('2020-04-09', 6, 'Trapano', 15, 9),
('2019-08-03', 3, 'Progettazione', 4, 29),
('2021-04-21', 4, 'Aggiustaggio', 12, 45),
('2020-02-26', 5, 'FresaturaCO', 5, 9),
('2021-09-09', 1, 'Trapano', 14, 28),
('2020-11-18', 7, 'Aggiustaggio', 15, 7),
('2021-12-10', 7, 'Trapano', 10, 41),
('2020-03-25', 4, 'Aggiustaggio', 13, 9),
('2019-07-12', 5, 'Trapano', 12, 47),
('2019-10-31', 1, 'Progettazione', 1, 12),
('2020-03-31', 3, 'FresaturaCO', 9, 48),
('2020-05-15', 1, 'FresaturaSO', 9, 49),
('2019-01-23', 7, 'Aggiustaggio', 15, 5),
('2019-09-25', 2, 'Aggiustaggio', 14, 32),
('2019-07-12', 3, 'Aggiustaggio', 10, 29),
('2020-06-14', 6, 'FresaturaCO', 5, 8),
('2021-09-17', 7, 'FresaturaCO', 6, 3),
('2019-08-17', 2, 'FresaturaSO', 8, 29),
('2021-08-31', 3, 'FresaturaSO', 6, 28),
('2019-04-05', 1, 'Trapano', 10, 35),
('2019-02-28', 3, 'Trapano', 14, 5),
('2020-11-30', 7, 'Trapano', 12, 50),
('2019-09-06', 2, 'Progettazione', 3, 25),
('2019-04-27', 3, 'Aggiustaggio', 14, 13),
('2021-11-27', 4, 'FresaturaCO', 5, 41),
('2019-01-29', 6, 'Aggiustaggio', 15, 5),
('2019-01-19', 2, 'Trapano', 14, 5),
('2021-10-10', 4, 'Aggiustaggio', 13, 3),
('2021-01-22', 2, 'Trapano', 14, 42),
('2019-02-22', 3, 'Trapano', 10, 5),
('2021-02-04', 4, 'Progettazione', 3, 11),
('2020-10-24', 6, 'Progettazione', 3, 7),
('2019-01-29', 2, 'Trapano', 14, 5),
('2020-04-04', 5, 'FresaturaSO', 7, 9),
('2021-01-13', 4, 'Aggiustaggio', 15, 42),
('2022-01-21', 5, 'FresaturaCO', 5, 38),
('2019-10-19', 5, 'Progettazione', 1, 32),
('2021-11-29', 6, 'Progettazione', 4, 41),
('2021-09-15', 7, 'Aggiustaggio', 10, 28),
('2020-07-05', 2, 'Trapano', 10, 1),
('2021-05-29', 5, 'Trapano', 10, 33),
('2020-12-28', 4, 'FresaturaSO', 5, 42),
('2021-12-19', 1, 'Aggiustaggio', 14, 41),
('2020-02-10', 5, 'Aggiustaggio', 11, 31),
('2020-08-30', 2, 'FresaturaCO', 9, 6),
('2019-07-20', 3, 'Aggiustaggio', 14, 29),
('2019-01-13', 7, 'Progettazione', 4, 5),
('2021-11-12', 7, 'FresaturaCO', 5, 16),
('2020-05-15', 5, 'FresaturaSO', 6, 27),
('2019-04-10', 5, 'Progettazione', 1, 35),
('2021-10-17', 3, 'Progettazione', 3, 3),
('2021-09-06', 4, 'Trapano', 12, 28),
('2019-12-10', 7, 'FresaturaCO', 7, 21),
('2021-12-03', 5, 'Progettazione', 2, 16),
('2019-04-21', 6, 'FresaturaSO', 5, 13),
('2019-07-05', 2, 'Aggiustaggio', 11, 47),
('2020-10-24', 7, 'Aggiustaggio', 13, 36),
('2019-06-26', 2, 'FresaturaSO', 5, 10),
('2020-05-18', 6, 'Trapano', 14, 49),
('2021-02-08', 4, 'FresaturaCO', 8, 46),
('2019-06-07', 1, 'Progettazione', 4, 30),
('2020-01-08', 5, 'Trapano', 14, 31),
('2021-02-25', 7, 'FresaturaSO', 8, 19),
('2021-11-20', 4, 'FresaturaSO', 5, 16),
('2019-09-14', 2, 'FresaturaCO', 9, 32),
('2020-10-05', 1, 'Aggiustaggio', 15, 2),
('2020-02-10', 3, 'Trapano', 10, 17),
('2019-11-28', 5, 'Aggiustaggio', 11, 18),
('2020-10-15', 6, 'Trapano', 10, 2),
('2021-12-04', 1, 'Progettazione', 4, 41),
('2021-09-05', 5, 'Aggiustaggio', 11, 26),
('2020-07-10', 7, 'Aggiustaggio', 13, 34),
('2020-09-23', 2, 'Aggiustaggio', 15, 6),
('2019-08-26', 6, 'Trapano', 11, 39),
('2020-04-04', 3, 'FresaturaCO', 9, 48),
('2020-06-30', 5, 'Aggiustaggio', 10, 49),
('2020-12-27', 2, 'FresaturaCO', 9, 37),
('2020-08-18', 4, 'FresaturaSO', 5, 6),
('2020-09-22', 1, 'Progettazione', 1, 6),
('2021-04-23', 3, 'Aggiustaggio', 15, 45),
('2020-03-09', 3, 'Trapano', 15, 48),
('2020-06-02', 1, 'FresaturaSO', 6, 49),
('2019-02-22', 3, 'Trapano', 10, 5),
('2020-06-07', 3, 'Aggiustaggio', 15, 8),
('2020-05-28', 2, 'Aggiustaggio', 13, 49),
('2021-12-11', 5, 'Progettazione', 3, 41),
('2019-09-09', 4, 'FresaturaSO', 6, 32),
('2020-01-19', 7, 'FresaturaCO', 8, 21),
('2020-10-28', 7, 'Trapano', 14, 36),
('2020-05-23', 7, 'Progettazione', 3, 22),
('2021-06-01', 4, 'FresaturaCO', 9, 23),
('2019-09-14', 2, 'Trapano', 12, 25),
('2019-09-24', 6, 'FresaturaSO', 7, 25),
('2020-08-26', 2, 'Trapano', 15, 6),
('2019-04-17', 1, 'FresaturaSO', 8, 13),
('2020-12-08', 4, 'Trapano', 10, 37),
('2020-05-29', 6, 'Aggiustaggio', 14, 27),
('2020-12-24', 4, 'FresaturaSO', 8, 37),
('2020-02-10', 5, 'Trapano', 13, 31),
('2019-06-20', 4, 'FresaturaSO', 7, 40),
('2021-02-03', 7, 'Progettazione', 1, 19),
('2020-10-13', 7, 'Progettazione', 4, 36),
('2021-02-12', 6, 'Trapano', 15, 19),
('2019-10-03', 2, 'FresaturaSO', 6, 25),
('2020-05-08', 6, 'Trapano', 12, 49),
('2020-04-03', 7, 'Trapano', 12, 9),
('2020-11-21', 6, 'Trapano', 12, 43),
('2021-04-18', 3, 'Aggiustaggio', 12, 45),
('2019-10-20', 6, 'Trapano', 15, 32),
('2020-03-20', 2, 'Progettazione', 4, 48),
('2019-12-31', 4, 'Aggiustaggio', 12, 21),
('2020-06-26', 1, 'FresaturaCO', 7, 8),
('2020-12-04', 4, 'FresaturaSO', 8, 50),
('2020-06-02', 1, 'FresaturaSO', 5, 22),
('2021-02-22', 4, 'Trapano', 13, 46),
('2020-10-08', 5, 'FresaturaSO', 5, 2),
('2019-07-26', 5, 'FresaturaCO', 5, 39),
('2019-01-23', 2, 'Progettazione', 4, 5),
('2020-09-18', 4, 'Trapano', 13, 14),
('2021-03-16', 2, 'Trapano', 10, 19),
('2021-01-09', 6, 'Progettazione', 2, 42),
('2021-03-10', 5, 'FresaturaCO', 9, 19),
('2021-11-30', 7, 'FresaturaSO', 9, 41),
('2020-06-02', 3, 'Trapano', 10, 8),
('2020-03-20', 5, 'FresaturaSO', 9, 48),
('2019-11-10', 5, 'Progettazione', 4, 18),
('2021-10-01', 3, 'Aggiustaggio', 11, 28),
('2019-07-12', 6, 'Trapano', 11, 47),
('2020-08-28', 4, 'FresaturaSO', 8, 6),
('2020-06-30', 6, 'Aggiustaggio', 12, 1),
('2020-05-29', 2, 'FresaturaSO', 9, 22),
('2019-12-26', 6, 'Progettazione', 4, 21),
('2019-10-11', 3, 'FresaturaCO', 9, 32),
('2020-07-16', 5, 'FresaturaSO', 9, 1),
('2021-05-24', 7, 'Aggiustaggio', 12, 23),
('2020-01-07', 5, 'FresaturaSO', 7, 17),
('2020-08-20', 6, 'FresaturaCO', 6, 6),
('2020-03-09', 5, 'FresaturaSO', 5, 48),
('2019-06-28', 5, 'FresaturaCO', 8, 40),
('2021-05-26', 7, 'FresaturaSO', 8, 33),
('2021-10-03', 6, 'Trapano', 11, 28),
('2020-09-04', 4, 'Progettazione', 1, 6),
('2019-11-16', 4, 'FresaturaCO', 8, 12),
('2019-07-14', 3, 'FresaturaCO', 9, 10),
('2021-05-21', 2, 'Trapano', 10, 23),
('2019-08-07', 4, 'Trapano', 13, 47),
('2020-02-09', 4, 'FresaturaSO', 7, 31),
('2020-03-31', 6, 'Trapano', 11, 9),
('2021-12-09', 5, 'Aggiustaggio', 15, 41),
('2019-03-01', 3, 'Trapano', 12, 35),
('2019-08-02', 2, 'Aggiustaggio', 11, 39),
('2021-09-19', 5, 'FresaturaSO', 8, 28),
('2020-05-30', 5, 'Progettazione', 2, 8),
('2020-12-21', 2, 'Trapano', 10, 37),
('2021-02-15', 2, 'Progettazione', 3, 46),
('2019-12-05', 2, 'Aggiustaggio', 14, 18),
('2020-01-21', 3, 'Progettazione', 1, 17),
('2020-01-29', 3, 'FresaturaSO', 7, 31),
('2019-08-18', 2, 'FresaturaSO', 7, 39),
('2020-10-26', 7, 'Aggiustaggio', 14, 36),
('2021-11-01', 7, 'FresaturaSO', 8, 16),
('2020-05-06', 1, 'Trapano', 15, 49),
('2020-05-11', 4, 'Trapano', 15, 49),
('2020-07-12', 5, 'FresaturaCO', 8, 15),
('2021-10-04', 3, 'FresaturaSO', 7, 28),
('2019-06-12', 4, 'Progettazione', 4, 44),
('2021-06-20', 5, 'Trapano', 10, 33),
('2020-01-02', 6, 'Progettazione', 4, 24),
('2019-02-10', 2, 'Trapano', 13, 5),
('2020-01-27', 7, 'Aggiustaggio', 11, 31),
('2020-08-24', 2, 'Progettazione', 2, 14),
('2020-11-05', 2, 'FresaturaCO', 7, 50),
('2021-10-27', 7, 'Trapano', 12, 3),
('2019-06-17', 7, 'Trapano', 11, 30),
('2022-02-03', 1, 'FresaturaCO', 5, 38),
('2020-07-09', 6, 'FresaturaSO', 7, 1),
('2019-06-19', 2, 'Progettazione', 4, 10),
('2020-03-07', 1, 'FresaturaCO', 6, 9),
('2020-02-20', 4, 'Progettazione', 4, 9),
('2021-05-17', 6, 'Trapano', 14, 45),
('2020-06-10', 7, 'Aggiustaggio', 10, 4),
('2019-02-13', 2, 'Progettazione', 2, 5),
('2020-11-04', 6, 'Progettazione', 4, 43),
('2020-07-08', 4, 'Aggiustaggio', 12, 34),
('2020-06-21', 1, 'FresaturaCO', 7, 4),
('2021-04-20', 4, 'Aggiustaggio', 11, 45),
('2020-11-15', 6, 'FresaturaSO', 9, 50),
('2020-10-23', 6, 'Trapano', 11, 43),
('2021-06-16', 6, 'FresaturaCO', 5, 23),
('2020-12-04', 6, 'Trapano', 11, 50),
('2020-06-21', 1, 'Progettazione', 1, 8),
('2020-10-28', 1, 'Progettazione', 3, 7),
('2020-05-08', 4, 'FresaturaCO', 5, 22),
('2021-02-12', 6, 'FresaturaCO', 6, 19),
('2022-01-23', 5, 'FresaturaSO', 6, 38),
('2020-11-06', 3, 'FresaturaCO', 7, 50),
('2021-08-25', 3, 'FresaturaCO', 6, 28),
('2020-04-07', 1, 'FresaturaSO', 5, 48),
('2020-05-27', 6, 'Trapano', 14, 8),
('2021-12-14', 2, 'FresaturaCO', 7, 41),
('2020-11-02', 7, 'FresaturaSO', 5, 2),
('2019-08-14', 6, 'Aggiustaggio', 10, 29),
('2021-03-03', 7, 'Progettazione', 4, 19),
('2019-12-26', 7, 'Progettazione', 1, 21),
('2020-08-26', 3, 'FresaturaCO', 6, 6),
('2020-05-17', 5, 'FresaturaSO', 8, 27),
('2020-06-21', 2, 'FresaturaCO', 5, 34),
('2022-02-02', 4, 'Trapano', 11, 38),
('2020-06-20', 1, 'FresaturaCO', 6, 49),
('2019-04-24', 3, 'Trapano', 13, 13),
('2021-12-06', 4, 'Aggiustaggio', 11, 20),
('2021-09-26', 3, 'FresaturaSO', 8, 3),
('2021-06-18', 1, 'FresaturaCO', 5, 33),
('2019-11-29', 5, 'FresaturaCO', 6, 18),
('2021-05-08', 2, 'Trapano', 11, 45),
('2021-11-29', 2, 'FresaturaSO', 5, 41),
('2019-09-07', 7, 'Aggiustaggio', 13, 25),
('2020-06-05', 6, 'FresaturaCO', 9, 4),
('2019-02-25', 6, 'Aggiustaggio', 11, 5),
('2021-01-16', 5, 'Progettazione', 4, 42),
('2020-09-07', 5, 'Progettazione', 1, 14),
('2019-07-10', 3, 'Progettazione', 2, 30),
('2020-06-04', 1, 'Aggiustaggio', 14, 4),
('2020-09-10', 3, 'FresaturaCO', 7, 14),
('2019-09-11', 7, 'Progettazione', 1, 32),
('2020-01-16', 6, 'Trapano', 14, 21),
('2021-01-25', 2, 'Trapano', 15, 42),
('2020-07-05', 6, 'Aggiustaggio', 12, 4),
('2020-10-29', 4, 'Trapano', 15, 43),
('2020-05-07', 2, 'Trapano', 11, 27),
('2019-12-12', 5, 'Trapano', 13, 21),
('2020-07-05', 3, 'Aggiustaggio', 11, 1),
('2020-03-21', 7, 'Trapano', 12, 9),
('2021-09-16', 1, 'Aggiustaggio', 15, 26),
('2020-06-10', 6, 'Aggiustaggio', 14, 8),
('2021-09-24', 2, 'Aggiustaggio', 11, 26),
('2020-06-30', 7, 'Progettazione', 2, 15),
('2019-07-11', 4, 'Aggiustaggio', 14, 44),
('2020-02-16', 3, 'Trapano', 11, 31),
('2019-10-29', 6, 'Trapano', 13, 12),
('2021-05-12', 7, 'Trapano', 12, 23),
('2020-06-27', 6, 'Trapano', 14, 49),
('2020-09-27', 4, 'FresaturaSO', 7, 2),
('2019-09-28', 3, 'Progettazione', 1, 12),
('2020-10-20', 7, 'Trapano', 15, 2),
('2021-05-23', 7, 'Progettazione', 3, 23),
('2019-07-10', 1, 'Trapano', 11, 10),
('2021-03-13', 1, 'Aggiustaggio', 10, 19),
('2020-01-11', 2, 'FresaturaSO', 6, 21),
('2019-03-09', 5, 'FresaturaCO', 6, 35),
('2021-05-22', 5, 'FresaturaSO', 6, 45),
('2020-07-03', 2, 'FresaturaCO', 9, 1),
('2021-12-28', 4, 'FresaturaCO', 7, 20),
('2019-07-11', 4, 'Trapano', 11, 10),
('2019-11-09', 2, 'Trapano', 12, 18),
('2020-03-22', 5, 'FresaturaSO', 6, 9),
('2019-06-13', 2, 'Progettazione', 3, 10),
('2020-06-16', 4, 'Progettazione', 4, 4),
('2021-09-16', 4, 'FresaturaSO', 9, 26),
('2019-08-09', 3, 'Aggiustaggio', 13, 39),
('2021-08-27', 3, 'Aggiustaggio', 14, 26),
('2020-10-23', 3, 'Progettazione', 1, 36),
('2021-02-12', 7, 'Trapano', 13, 46),
('2021-01-29', 1, 'Trapano', 13, 46),
('2019-06-19', 1, 'FresaturaCO', 9, 10),
('2020-01-31', 3, 'Progettazione', 3, 31),
('2020-06-25', 6, 'FresaturaCO', 9, 8),
('2022-02-07', 1, 'FresaturaCO', 8, 38),
('2021-06-12', 2, 'Progettazione', 2, 23),
('2020-03-02', 7, 'Trapano', 10, 9),
('2019-04-16', 6, 'FresaturaSO', 6, 13),
('2019-07-18', 4, 'Trapano', 15, 29),
('2019-12-11', 6, 'Aggiustaggio', 13, 21),
('2019-01-26', 4, 'Progettazione', 4, 5),
('2020-06-13', 3, 'Aggiustaggio', 13, 49),
('2021-12-22', 7, 'FresaturaSO', 8, 38),
('2021-11-13', 4, 'FresaturaSO', 7, 41),
('2020-06-29', 1, 'Aggiustaggio', 15, 49),
('2021-12-14', 3, 'FresaturaSO', 7, 20),
('2021-12-02', 3, 'FresaturaCO', 7, 16),
('2019-04-13', 7, 'FresaturaSO', 8, 13),
('2021-12-19', 2, 'Trapano', 14, 41),
('2020-06-18', 4, 'Trapano', 12, 8),
('2019-04-13', 6, 'FresaturaCO', 9, 13),
('2019-07-08', 5, 'Progettazione', 3, 30),
('2020-01-20', 1, 'FresaturaSO', 7, 21),
('2020-05-25', 1, 'Aggiustaggio', 14, 27),
('2021-08-21', 7, 'Trapano', 13, 26),
('2020-08-18', 7, 'FresaturaCO', 7, 6),
('2020-11-26', 1, 'Progettazione', 2, 43),
('2020-09-04', 1, 'FresaturaSO', 9, 6),
('2021-09-30', 3, 'Trapano', 12, 28),
('2020-06-07', 7, 'Trapano', 11, 22),
('2021-12-30', 7, 'Aggiustaggio', 10, 38),
('2020-06-10', 6, 'FresaturaSO', 8, 8),
('2020-12-05', 1, 'Trapano', 15, 37),
('2021-11-26', 7, 'Trapano', 10, 41),
('2019-01-28', 2, 'FresaturaSO', 9, 5),
('2020-11-17', 6, 'Trapano', 15, 50),
('2020-07-09', 6, 'Trapano', 11, 4),
('2019-06-27', 7, 'FresaturaCO', 9, 40),
('2020-07-31', 7, 'Trapano', 13, 15),
('2020-02-11', 6, 'Aggiustaggio', 10, 31),
('2020-09-04', 4, 'Trapano', 14, 6),
('2020-05-25', 3, 'FresaturaCO', 9, 22),
('2021-09-22', 1, 'Trapano', 12, 26),
('2021-02-07', 3, 'Aggiustaggio', 13, 19),
('2020-09-01', 4, 'Progettazione', 3, 14),
('2021-05-17', 3, 'Trapano', 14, 23),
('2021-06-03', 7, 'FresaturaSO', 6, 23),
('2020-11-29', 6, 'FresaturaCO', 8, 37),
('2020-11-07', 3, 'Progettazione', 1, 43),
('2021-11-11', 4, 'Trapano', 12, 16),
('2019-03-14', 3, 'FresaturaCO', 5, 13),
('2020-10-10', 7, 'Progettazione', 2, 36),
('2020-06-17', 2, 'FresaturaCO', 9, 8),
('2021-11-03', 5, 'Progettazione', 3, 16),
('2021-12-18', 5, 'Aggiustaggio', 15, 20),
('2019-06-25', 5, 'Progettazione', 2, 30),
('2020-08-15', 5, 'Aggiustaggio', 10, 14),
('2019-10-10', 2, 'Trapano', 13, 32),
('2020-01-11', 6, 'Aggiustaggio', 13, 21),
('2020-01-12', 5, 'FresaturaCO', 7, 21),
('2019-03-23', 4, 'Progettazione', 2, 13),
('2019-06-26', 7, 'Trapano', 15, 40),
('2019-01-09', 2, 'FresaturaSO', 8, 5),
('2019-04-03', 6, 'FresaturaCO', 7, 35),
('2019-06-27', 5, 'Aggiustaggio', 13, 44),
('2019-06-22', 3, 'Progettazione', 2, 40),
('2021-05-12', 2, 'FresaturaCO', 5, 33),
('2020-07-02', 2, 'FresaturaSO', 7, 15),
('2021-11-13', 7, 'Progettazione', 2, 41),
('2020-05-28', 7, 'FresaturaCO', 8, 27),
('2020-05-30', 4, 'Trapano', 11, 8),
('2021-11-22', 1, 'Trapano', 11, 41),
('2019-07-16', 6, 'Progettazione', 2, 30),
('2020-05-26', 4, 'Aggiustaggio', 13, 8),
('2021-01-23', 5, 'Progettazione', 2, 11),
('2020-04-21', 6, 'Trapano', 14, 27),
('2020-04-30', 3, 'FresaturaCO', 7, 27),
('2019-07-29', 7, 'Aggiustaggio', 13, 40),
('2019-08-13', 5, 'Trapano', 12, 39),
('2021-12-10', 2, 'Progettazione', 2, 41),
('2021-06-04', 4, 'Aggiustaggio', 14, 33),
('2022-01-24', 5, 'FresaturaCO', 7, 38),
('2020-06-21', 7, 'Progettazione', 2, 8),
('2021-05-10', 7, 'Trapano', 12, 23),
('2021-10-13', 6, 'FresaturaCO', 8, 3),
('2020-02-13', 1, 'FresaturaCO', 9, 31),
('2020-10-13', 6, 'Trapano', 10, 36),
('2021-11-26', 3, 'FresaturaSO', 5, 20),
('2020-04-13', 5, 'Progettazione', 1, 48),
('2021-10-14', 6, 'Trapano', 13, 3),
('2020-01-05', 3, 'Trapano', 10, 31),
('2021-02-01', 2, 'Progettazione', 2, 42),
('2021-03-15', 1, 'Trapano', 15, 19),
('2021-12-26', 7, 'FresaturaCO', 6, 38),
('2019-04-20', 4, 'Trapano', 13, 35),
('2019-03-09', 2, 'FresaturaCO', 5, 35),
('2019-07-06', 5, 'FresaturaCO', 9, 44),
('2021-01-18', 5, 'Trapano', 13, 11),
('2020-07-25', 6, 'FresaturaSO', 9, 1),
('2019-07-09', 4, 'FresaturaSO', 8, 10),
('2021-08-30', 2, 'FresaturaCO', 8, 28),
('2019-06-09', 5, 'Aggiustaggio', 10, 10),
('2020-06-01', 3, 'FresaturaSO', 8, 22),
('2021-08-22', 3, 'Progettazione', 4, 26),
('2020-06-13', 1, 'FresaturaSO', 5, 22),
('2019-07-04', 4, 'Aggiustaggio', 11, 10),
('2021-10-10', 2, 'FresaturaCO', 5, 3),
('2020-03-30', 1, 'Aggiustaggio', 12, 9),
('2019-09-06', 3, 'FresaturaCO', 5, 39),
('2021-04-20', 6, 'FresaturaCO', 5, 45),
('2020-04-13', 4, 'FresaturaCO', 6, 48),
('2019-07-04', 6, 'Aggiustaggio', 11, 10),
('2019-08-27', 2, 'FresaturaCO', 6, 47),
('2021-09-16', 1, 'FresaturaSO', 6, 3),
('2020-10-04', 3, 'Trapano', 13, 7),
('2020-09-17', 6, 'Progettazione', 4, 6),
('2020-05-09', 6, 'Aggiustaggio', 10, 27),
('2020-09-19', 3, 'Trapano', 14, 14),
('2021-10-22', 4, 'FresaturaSO', 7, 3),
('2020-02-18', 5, 'Trapano', 15, 17),
('2019-03-02', 2, 'Progettazione', 3, 35),
('2020-01-05', 4, 'Progettazione', 3, 21),
('2019-08-14', 2, 'FresaturaCO', 8, 47),
('2020-02-17', 5, 'Progettazione', 4, 9),
('2019-01-29', 5, 'Aggiustaggio', 15, 5),
('2019-09-24', 2, 'FresaturaSO', 9, 32),
('2020-01-06', 1, 'FresaturaSO', 7, 31),
('2020-06-08', 4, 'Trapano', 12, 8),
('2021-08-20', 4, 'Progettazione', 4, 28),
('2019-09-19', 3, 'FresaturaSO', 7, 32),
('2020-02-23', 3, 'FresaturaSO', 5, 9),
('2021-10-20', 5, 'Aggiustaggio', 14, 3),
('2021-02-10', 5, 'Progettazione', 3, 46),
('2019-03-09', 6, 'FresaturaSO', 8, 35),
('2020-02-19', 6, 'Trapano', 12, 31),
('2020-04-25', 5, 'FresaturaCO', 9, 27),
('2020-01-19', 1, 'Trapano', 14, 17),
('2019-06-22', 6, 'Progettazione', 1, 30),
('2019-06-21', 5, 'Aggiustaggio', 15, 30),
('2019-10-25', 4, 'Aggiustaggio', 11, 12),
('2019-10-05', 4, 'FresaturaCO', 9, 12),
('2021-03-17', 3, 'Progettazione', 4, 19),
('2021-06-05', 3, 'FresaturaSO', 7, 23),
('2019-06-27', 4, 'FresaturaCO', 7, 40),
('2019-08-01', 1, 'Aggiustaggio', 13, 29),
('2019-08-17', 2, 'Trapano', 10, 29),
('2020-10-31', 5, 'FresaturaCO', 9, 50),
('2022-01-16', 6, 'FresaturaSO', 7, 38),
('2020-07-09', 5, 'FresaturaCO', 7, 4),
('2020-07-01', 4, 'Aggiustaggio', 12, 15),
('2019-07-28', 3, 'FresaturaCO', 9, 44),
('2020-06-22', 5, 'Trapano', 13, 8),
('2019-07-18', 5, 'FresaturaSO', 5, 44),
('2019-01-12', 5, 'Progettazione', 2, 5),
('2019-07-06', 1, 'FresaturaSO', 5, 30),
('2020-05-02', 4, 'Trapano', 13, 27),
('2021-12-25', 4, 'Aggiustaggio', 14, 38),
('2021-09-10', 5, 'FresaturaSO', 6, 3),
('2020-06-03', 7, 'Aggiustaggio', 15, 8),
('2020-07-07', 2, 'Trapano', 12, 1),
('2021-11-15', 7, 'FresaturaCO', 5, 16),
('2021-11-14', 5, 'FresaturaCO', 6, 16),
('2020-05-29', 7, 'FresaturaSO', 9, 22),
('2021-05-27', 2, 'Aggiustaggio', 10, 33),
('2019-10-18', 1, 'FresaturaSO', 9, 32),
('2020-02-28', 4, 'Progettazione', 1, 9),
('2019-12-30', 1, 'FresaturaSO', 9, 24),
('2020-11-01', 4, 'Aggiustaggio', 12, 50),
('2019-07-24', 6, 'Aggiustaggio', 14, 47),
('2019-09-16', 1, 'FresaturaSO', 6, 25),
('2019-03-29', 5, 'Progettazione', 1, 35),
('2021-02-06', 4, 'Aggiustaggio', 11, 46),
('2019-07-01', 5, 'Progettazione', 1, 40),
('2020-11-04', 3, 'Trapano', 15, 50),
('2019-03-25', 1, 'Aggiustaggio', 11, 13),
('2021-03-18', 3, 'Aggiustaggio', 11, 19),
('2020-06-27', 3, 'Progettazione', 1, 8),
('2020-08-16', 5, 'FresaturaSO', 8, 14),
('2021-05-24', 2, 'FresaturaSO', 7, 33),
('2020-11-21', 2, 'Trapano', 10, 37),
('2020-10-14', 4, 'Aggiustaggio', 15, 2),
('2021-02-03', 3, 'Trapano', 14, 46),
('2020-09-11', 6, 'FresaturaSO', 7, 14),
('2019-07-04', 5, 'FresaturaSO', 7, 30),
('2020-10-07', 2, 'Progettazione', 1, 36),
('2019-06-28', 4, 'Aggiustaggio', 12, 30),
('2020-02-03', 1, 'Aggiustaggio', 10, 17),
('2019-08-11', 5, 'FresaturaSO', 6, 29),
('2020-10-09', 4, 'FresaturaSO', 7, 2),
('2020-08-15', 2, 'Aggiustaggio', 13, 14),
('2020-05-17', 1, 'Aggiustaggio', 15, 22),
('2019-02-07', 5, 'FresaturaSO', 7, 5),
('2019-06-29', 2, 'Aggiustaggio', 14, 40),
('2019-10-01', 1, 'Progettazione', 2, 32),
('2021-03-06', 4, 'Progettazione', 2, 19),
('2019-09-24', 7, 'Progettazione', 3, 25),
('2021-02-19', 7, 'FresaturaSO', 6, 19),
('2020-10-14', 6, 'FresaturaSO', 7, 36),
('2019-08-17', 7, 'Progettazione', 3, 39),
('2020-05-07', 6, 'FresaturaSO', 7, 49),
('2020-01-01', 6, 'Trapano', 14, 24),
('2019-10-16', 4, 'FresaturaSO', 6, 12),
('2019-08-02', 6, 'Trapano', 13, 40),
('2019-04-12', 5, 'Aggiustaggio', 15, 35),
('2019-11-10', 3, 'Aggiustaggio', 10, 18),
('2019-03-12', 6, 'FresaturaSO', 7, 13),
('2019-10-31', 1, 'Progettazione', 4, 12),
('2020-10-09', 4, 'FresaturaSO', 9, 7),
('2019-07-12', 5, 'Aggiustaggio', 11, 40),
('2021-10-14', 3, 'Trapano', 14, 3),
('2021-03-02', 4, 'FresaturaSO', 8, 46),
('2021-06-16', 3, 'FresaturaCO', 5, 33),
('2020-10-25', 4, 'Progettazione', 2, 36),
('2021-05-15', 3, 'FresaturaCO', 6, 45),
('2020-06-26', 6, 'Progettazione', 4, 49),
('2019-11-14', 1, 'FresaturaCO', 6, 12),
('2021-09-24', 1, 'Aggiustaggio', 10, 28),
('2020-01-08', 7, 'FresaturaCO', 8, 21),
('2020-11-23', 5, 'Progettazione', 1, 50),
('2019-10-10', 2, 'FresaturaSO', 6, 32),
('2022-01-08', 6, 'Trapano', 13, 38),
('2019-12-16', 3, 'Trapano', 11, 21),
('2021-09-09', 3, 'Progettazione', 4, 3),
('2019-12-12', 5, 'Progettazione', 3, 21),
('2021-10-21', 1, 'Progettazione', 3, 16),
('2019-01-12', 2, 'Trapano', 15, 5),
('2021-03-04', 1, 'Aggiustaggio', 15, 19),
('2019-10-07', 4, 'FresaturaCO', 9, 12),
('2020-07-09', 6, 'FresaturaSO', 8, 1),
('2020-06-24', 2, 'Aggiustaggio', 11, 4),
('2021-01-26', 5, 'Progettazione', 2, 19),
('2020-11-04', 7, 'FresaturaSO', 7, 36),
('2020-05-16', 2, 'Progettazione', 4, 27),
('2020-08-06', 7, 'Progettazione', 1, 15),
('2019-06-08', 1, 'Progettazione', 2, 30),
('2019-01-16', 4, 'Aggiustaggio', 10, 5),
('2022-01-04', 1, 'Aggiustaggio', 12, 38),
('2020-04-05', 6, 'Progettazione', 2, 48),
('2020-07-11', 7, 'FresaturaSO', 5, 15),
('2019-10-16', 5, 'Aggiustaggio', 14, 12),
('2019-04-01', 1, 'FresaturaSO', 5, 35),
('2020-07-12', 5, 'Aggiustaggio', 14, 4),
('2020-05-26', 4, 'Aggiustaggio', 10, 8),
('2019-09-11', 4, 'Progettazione', 4, 25),
('2020-11-28', 3, 'FresaturaCO', 9, 43),
('2020-12-02', 5, 'FresaturaCO', 6, 43),
('2019-12-03', 1, 'FresaturaCO', 7, 18),
('2019-06-20', 3, 'Progettazione', 1, 10),
('2020-09-07', 7, 'FresaturaCO', 5, 6),
('2019-10-10', 7, 'FresaturaSO', 6, 12),
('2020-02-06', 6, 'FresaturaCO', 9, 31),
('2020-03-24', 6, 'Trapano', 11, 48),
('2020-11-11', 2, 'Progettazione', 4, 36),
('2021-09-11', 3, 'Trapano', 13, 28),
('2020-03-20', 4, 'Trapano', 15, 9),
('2020-07-27', 5, 'FresaturaCO', 7, 15),
('2021-05-21', 3, 'FresaturaSO', 9, 33),
('2019-07-29', 2, 'FresaturaSO', 5, 40),
('2020-02-14', 1, 'Aggiustaggio', 15, 9),
('2020-05-14', 6, 'Aggiustaggio', 15, 27),
('2020-01-03', 1, 'FresaturaCO', 6, 24),
('2021-06-01', 2, 'FresaturaCO', 9, 33),
('2021-06-09', 3, 'FresaturaCO', 7, 23),
('2020-11-06', 2, 'Progettazione', 1, 50),
('2019-07-18', 7, 'Progettazione', 4, 40),
('2019-08-22', 5, 'FresaturaCO', 9, 29),
('2021-11-27', 2, 'Aggiustaggio', 14, 16),
('2019-11-14', 3, 'FresaturaSO', 9, 18),
('2020-01-13', 3, 'FresaturaSO', 9, 21),
('2019-04-02', 3, 'FresaturaCO', 5, 35),
('2020-06-27', 6, 'FresaturaCO', 7, 1),
('2019-04-26', 7, 'FresaturaSO', 9, 13),
('2020-11-07', 6, 'Progettazione', 3, 43),
('2020-11-22', 3, 'Trapano', 11, 50),
('2019-07-29', 4, 'FresaturaSO', 6, 29),
('2020-04-05', 1, 'FresaturaCO', 9, 48),
('2021-10-31', 7, 'FresaturaSO', 8, 16),
('2020-05-27', 5, 'FresaturaCO', 5, 8),
('2020-10-28', 6, 'Progettazione', 2, 43),
('2021-08-29', 1, 'FresaturaSO', 5, 26),
('2020-07-09', 7, 'FresaturaCO', 6, 1),
('2021-08-31', 4, 'FresaturaCO', 6, 26),
('2020-05-25', 4, 'Progettazione', 2, 22),
('2020-11-06', 7, 'FresaturaSO', 5, 7),
('2020-06-03', 2, 'FresaturaCO', 6, 4),
('2021-05-19', 3, 'FresaturaSO', 6, 45),
('2020-02-02', 3, 'Progettazione', 1, 17),
('2021-01-03', 7, 'Progettazione', 2, 42),
('2021-01-26', 3, 'Progettazione', 4, 19),
('2020-06-06', 2, 'Progettazione', 1, 8),
('2022-01-19', 5, 'Aggiustaggio', 11, 38),
('2019-08-03', 3, 'FresaturaCO', 8, 29),
('2021-02-17', 5, 'Progettazione', 4, 11),
('2021-10-20', 6, 'Progettazione', 2, 16),
('2021-05-30', 4, 'Aggiustaggio', 11, 23),
('2020-07-19', 2, 'FresaturaCO', 6, 1),
('2021-11-25', 3, 'Trapano', 10, 41),
('2021-06-14', 6, 'FresaturaSO', 6, 23),
('2020-10-10', 3, 'Progettazione', 1, 7),
('2019-12-31', 5, 'Trapano', 10, 21),
('2020-05-10', 1, 'Trapano', 11, 22),
('2021-11-30', 5, 'Progettazione', 3, 16),
('2020-06-10', 1, 'FresaturaSO', 6, 22),
('2021-02-02', 3, 'Trapano', 10, 46),
('2020-09-10', 3, 'Aggiustaggio', 14, 6),
('2022-02-01', 1, 'Trapano', 13, 38),
('2021-05-03', 4, 'FresaturaCO', 7, 45),
('2020-06-29', 1, 'FresaturaSO', 7, 15),
('2020-08-05', 6, 'FresaturaSO', 7, 34),
('2020-09-12', 6, 'Trapano', 14, 14),
('2020-06-21', 3, 'Progettazione', 4, 8),
('2021-12-05', 4, 'Trapano', 11, 20),
('2020-09-07', 7, 'Aggiustaggio', 14, 14),
('2020-01-17', 4, 'Trapano', 11, 17),
('2021-11-09', 6, 'Progettazione', 1, 16),
('2020-12-12', 6, 'Progettazione', 2, 37),
('2019-07-27', 7, 'Progettazione', 1, 40),
('2021-02-08', 2, 'FresaturaSO', 6, 11),
('2021-09-25', 1, 'Trapano', 10, 26),
('2019-06-15', 2, 'FresaturaSO', 5, 10),
('2020-02-24', 2, 'FresaturaCO', 6, 9),
('2020-10-20', 2, 'FresaturaSO', 7, 36),
('2019-02-26', 1, 'FresaturaCO', 8, 35),
('2019-04-24', 7, 'Aggiustaggio', 13, 13),
('2019-12-09', 1, 'FresaturaSO', 6, 18),
('2020-11-07', 1, 'FresaturaSO', 8, 50),
('2020-01-14', 1, 'Progettazione', 3, 17),
('2020-06-25', 5, 'Progettazione', 2, 8),
('2020-03-27', 7, 'FresaturaCO', 5, 9),
('2022-01-23', 3, 'FresaturaCO', 7, 38),
('2019-08-01', 4, 'FresaturaCO', 8, 44),
('2021-06-02', 1, 'Progettazione', 3, 33),
('2020-06-05', 5, 'Progettazione', 3, 8),
('2021-02-12', 1, 'Aggiustaggio', 11, 11),
('2020-08-27', 4, 'FresaturaCO', 8, 6),
('2019-07-09', 6, 'Progettazione', 3, 30),
('2021-05-25', 4, 'Trapano', 13, 45),
('2019-08-27', 3, 'Aggiustaggio', 15, 39),
('2021-12-14', 4, 'Trapano', 11, 41),
('2020-08-23', 2, 'Aggiustaggio', 10, 6),
('2021-09-30', 5, 'FresaturaSO', 9, 3),
('2020-06-08', 4, 'Progettazione', 3, 49),
('2019-12-09', 1, 'Trapano', 13, 21),
('2021-02-10', 2, 'Progettazione', 3, 19),
('2021-05-07', 4, 'Aggiustaggio', 12, 45),
('2021-02-02', 2, 'FresaturaSO', 7, 46),
('2020-10-10', 3, 'Trapano', 10, 7),
('2019-09-24', 6, 'Aggiustaggio', 12, 25),
('2021-09-24', 3, 'Aggiustaggio', 10, 3),
('2021-01-31', 6, 'Trapano', 10, 11),
('2021-09-22', 2, 'Progettazione', 2, 26),
('2020-05-26', 7, 'Progettazione', 2, 8),
('2020-11-03', 7, 'FresaturaCO', 5, 7),
('2019-08-28', 4, 'Aggiustaggio', 13, 39),
('2020-04-24', 7, 'Progettazione', 2, 27),
('2019-07-11', 5, 'Trapano', 15, 10),
('2021-01-22', 5, 'Progettazione', 1, 42),
('2020-11-07', 2, 'Trapano', 15, 7),
('2020-05-13', 3, 'Trapano', 13, 49),
('2020-03-24', 4, 'Aggiustaggio', 11, 9),
('2020-08-20', 3, 'FresaturaSO', 6, 6),
('2021-11-26', 3, 'Trapano', 12, 41),
('2020-04-26', 5, 'FresaturaCO', 7, 27),
('2019-09-03', 3, 'Aggiustaggio', 12, 39),
('2020-11-10', 4, 'Progettazione', 2, 43),
('2020-06-27', 4, 'Aggiustaggio', 14, 8),
('2020-04-24', 7, 'FresaturaSO', 5, 27),
('2019-03-23', 4, 'FresaturaSO', 8, 35),
('2021-09-06', 4, 'Progettazione', 1, 26),
('2021-11-28', 1, 'FresaturaSO', 7, 20),
('2021-09-15', 1, 'Aggiustaggio', 14, 28),
('2021-10-05', 1, 'FresaturaSO', 9, 3),
('2020-09-28', 6, 'Trapano', 10, 2),
('2021-06-03', 4, 'Aggiustaggio', 10, 33),
('2021-05-22', 3, 'FresaturaCO', 7, 33),
('2021-05-24', 5, 'FresaturaSO', 8, 23),
('2019-07-21', 1, 'Trapano', 10, 29),
('2021-02-20', 7, 'FresaturaCO', 5, 19),
('2020-03-25', 5, 'FresaturaSO', 9, 48),
('2019-06-14', 5, 'Progettazione', 1, 10),
('2020-12-04', 7, 'Aggiustaggio', 15, 43),
('2020-01-08', 4, 'Aggiustaggio', 14, 31),
('2020-11-21', 1, 'Trapano', 12, 37),
('2020-06-21', 4, 'Trapano', 14, 4),
('2019-09-06', 4, 'FresaturaCO', 8, 25),
('2021-02-01', 5, 'FresaturaCO', 9, 11),
('2020-07-16', 4, 'FresaturaCO', 5, 34),
('2019-11-20', 2, 'Aggiustaggio', 14, 18),
('2021-05-28', 6, 'Aggiustaggio', 15, 45),
('2019-07-24', 5, 'Trapano', 11, 47),
('2019-04-24', 5, 'FresaturaCO', 9, 35),
('2019-05-03', 7, 'Aggiustaggio', 12, 13),
('2020-06-16', 3, 'FresaturaSO', 9, 49),
('2020-07-01', 2, 'FresaturaSO', 5, 34),
('2021-11-12', 6, 'Trapano', 10, 41),
('2019-08-12', 4, 'Progettazione', 4, 39),
('2021-10-22', 2, 'Aggiustaggio', 14, 3),
('2020-11-20', 1, 'Progettazione', 3, 37),
('2019-07-30', 4, 'FresaturaCO', 7, 39),
('2019-07-08', 1, 'FresaturaCO', 8, 44),
('2021-12-02', 6, 'Progettazione', 1, 41),
('2019-09-04', 3, 'Progettazione', 4, 39),
('2019-10-25', 4, 'Trapano', 11, 12),
('2019-10-15', 6, 'Progettazione', 2, 32),
('2019-11-15', 7, 'FresaturaSO', 7, 18),
('2019-03-24', 7, 'Progettazione', 4, 35),
('2020-11-11', 3, 'FresaturaCO', 8, 36),
('2020-06-12', 7, 'Trapano', 12, 8),
('2020-07-21', 3, 'Progettazione', 3, 34),
('2020-10-11', 6, 'FresaturaSO', 6, 36),
('2020-08-06', 1, 'Progettazione', 2, 34),
('2020-08-25', 5, 'FresaturaCO', 5, 6),
('2021-10-16', 7, 'Aggiustaggio', 14, 3),
('2019-11-06', 2, 'FresaturaSO', 5, 18),
('2019-07-27', 5, 'FresaturaCO', 6, 44),
('2020-06-26', 7, 'FresaturaCO', 9, 49),
('2021-02-17', 2, 'FresaturaSO', 9, 19),
('2021-10-26', 3, 'Aggiustaggio', 13, 16),
('2020-08-25', 4, 'FresaturaSO', 8, 14),
('2021-01-30', 1, 'Aggiustaggio', 12, 42),
('2021-12-18', 1, 'FresaturaSO', 9, 20),
('2021-11-19', 5, 'FresaturaCO', 7, 20),
('2019-12-07', 3, 'FresaturaSO', 6, 21),
('2020-03-03', 1, 'Aggiustaggio', 15, 9),
('2020-11-13', 1, 'Trapano', 10, 50),
('2019-07-17', 7, 'FresaturaSO', 5, 40),
('2020-01-15', 6, 'Aggiustaggio', 10, 17),
('2019-04-19', 4, 'Aggiustaggio', 11, 13),
('2019-09-03', 2, 'Aggiustaggio', 15, 25),
('2020-07-21', 3, 'Progettazione', 4, 34),
('2021-02-19', 6, 'FresaturaCO', 8, 46),
('2020-01-26', 1, 'FresaturaCO', 5, 31),
('2020-10-24', 1, 'Progettazione', 1, 2),
('2020-05-12', 2, 'Trapano', 15, 27),
('2020-06-25', 4, 'FresaturaSO', 7, 34),
('2019-07-15', 7, 'Trapano', 12, 30),
('2022-02-04', 7, 'FresaturaSO', 9, 38),
('2020-05-14', 7, 'Trapano', 14, 22),
('2019-06-08', 2, 'Aggiustaggio', 10, 10),
('2021-06-05', 5, 'Progettazione', 2, 23),
('2021-02-07', 4, 'FresaturaCO', 5, 19),
('2021-01-22', 4, 'Aggiustaggio', 10, 46),
('2019-06-11', 1, 'Aggiustaggio', 11, 10),
('2020-09-04', 2, 'FresaturaSO', 6, 6),
('2020-12-25', 4, 'Aggiustaggio', 12, 37),
('2021-01-15', 7, 'FresaturaCO', 7, 11),
('2020-09-09', 4, 'FresaturaCO', 6, 6),
('2021-05-14', 1, 'FresaturaCO', 7, 33),
('2019-07-29', 7, 'Aggiustaggio', 11, 40),
('2019-06-11', 2, 'Progettazione', 2, 30),
('2021-01-03', 6, 'Progettazione', 1, 37),
('2020-06-22', 1, 'Trapano', 15, 4),
('2019-06-18', 1, 'FresaturaSO', 7, 30),
('2021-02-05', 4, 'FresaturaCO', 5, 46),
('2021-01-19', 6, 'Trapano', 13, 11),
('2021-10-02', 4, 'Aggiustaggio', 13, 28),
('2020-07-15', 4, 'Progettazione', 2, 1),
('2019-07-24', 2, 'FresaturaCO', 8, 30),
('2019-08-22', 2, 'FresaturaCO', 7, 29),
('2019-08-08', 2, 'FresaturaSO', 8, 29),
('2020-01-10', 4, 'FresaturaSO', 6, 17),
('2021-12-17', 2, 'FresaturaSO', 5, 38),
('2019-10-05', 2, 'Aggiustaggio', 13, 25),
('2019-11-20', 4, 'Aggiustaggio', 15, 18),
('2021-11-11', 3, 'FresaturaCO', 9, 16),
('2021-08-28', 3, 'Progettazione', 2, 28),
('2020-07-19', 5, 'Aggiustaggio', 10, 1),
('2019-07-02', 2, 'FresaturaSO', 7, 10),
('2020-10-19', 1, 'FresaturaSO', 7, 7),
('2021-05-16', 1, 'FresaturaSO', 8, 45),
('2021-12-12', 4, 'Progettazione', 2, 20),
('2020-06-23', 7, 'Progettazione', 4, 8),
('2021-05-11', 7, 'FresaturaCO', 6, 45),
('2021-11-18', 4, 'Aggiustaggio', 15, 41),
('2019-11-28', 2, 'Progettazione', 3, 18),
('2020-10-07', 1, 'Aggiustaggio', 15, 2),
('2019-11-13', 2, 'Trapano', 11, 18),
('2019-08-02', 6, 'Trapano', 13, 29),
('2021-08-22', 6, 'Progettazione', 3, 26),
('2020-09-17', 1, 'Aggiustaggio', 13, 6),
('2021-05-15', 7, 'Progettazione', 1, 45),
('2019-04-08', 6, 'FresaturaCO', 8, 13),
('2021-09-12', 1, 'Progettazione', 1, 28),
('2021-02-10', 7, 'FresaturaCO', 8, 11),
('2021-01-18', 6, 'Aggiustaggio', 12, 11),
('2019-08-13', 2, 'Aggiustaggio', 13, 39),
('2020-11-01', 6, 'FresaturaSO', 9, 36),
('2019-12-18', 7, 'Aggiustaggio', 13, 21),
('2019-12-15', 5, 'FresaturaSO', 7, 24),
('2020-08-29', 6, 'Aggiustaggio', 12, 6),
('2019-06-25', 4, 'FresaturaSO', 6, 10),
('2020-04-08', 6, 'Progettazione', 2, 9),
('2020-09-23', 6, 'FresaturaCO', 8, 6),
('2019-07-10', 1, 'Trapano', 13, 44),
('2021-02-11', 5, 'Aggiustaggio', 10, 46),
('2020-12-18', 7, 'Trapano', 14, 42),
('2020-05-07', 5, 'Aggiustaggio', 13, 49),
('2020-12-08', 3, 'FresaturaCO', 9, 43),
('2020-10-25', 2, 'Aggiustaggio', 14, 50),
('2020-01-10', 1, 'Aggiustaggio', 10, 21),
('2020-07-03', 2, 'Aggiustaggio', 11, 4),
('2020-07-11', 4, 'FresaturaSO', 6, 15),
('2020-03-07', 3, 'FresaturaSO', 9, 48),
('2020-07-03', 4, 'Trapano', 12, 34),
('2021-01-30', 4, 'FresaturaCO', 7, 11),
('2019-06-25', 6, 'Progettazione', 4, 40),
('2020-06-24', 3, 'Aggiustaggio', 11, 8),
('2021-03-07', 7, 'FresaturaSO', 5, 19),
('2021-11-11', 1, 'Trapano', 15, 41),
('2021-02-14', 5, 'Trapano', 14, 19),
('2019-11-26', 5, 'Trapano', 10, 18),
('2020-01-10', 3, 'Trapano', 12, 21),
('2020-09-05', 2, 'Progettazione', 1, 6),
('2020-10-07', 4, 'Trapano', 12, 7),
('2020-06-22', 6, 'Trapano', 10, 4),
('2019-06-23', 6, 'FresaturaCO', 5, 44),
('2021-09-11', 4, 'Progettazione', 1, 28),
('2019-10-03', 5, 'Progettazione', 2, 25),
('2021-12-16', 7, 'Progettazione', 2, 38),
('2020-05-16', 4, 'FresaturaCO', 5, 49),
('2019-07-30', 4, 'FresaturaSO', 8, 29),
('2021-11-29', 1, 'FresaturaCO', 7, 41),
('2020-08-21', 1, 'Trapano', 12, 6),
('2020-04-10', 1, 'Aggiustaggio', 13, 48),
('2020-01-15', 4, 'Aggiustaggio', 14, 31),
('2019-11-29', 2, 'Trapano', 10, 24),
('2019-01-12', 1, 'FresaturaSO', 6, 5),
('2021-05-19', 7, 'Trapano', 11, 23),
('2021-10-25', 4, 'FresaturaCO', 9, 16),
('2020-08-30', 2, 'Trapano', 13, 6),
('2019-12-09', 1, 'Progettazione', 3, 21),
('2019-07-22', 4, 'FresaturaSO', 8, 30),
('2019-10-20', 4, 'Aggiustaggio', 13, 32),
('2021-11-12', 6, 'Aggiustaggio', 14, 16),
('2020-05-31', 2, 'FresaturaCO', 9, 4),
('2019-05-02', 2, 'Trapano', 15, 13),
('2020-06-21', 1, 'FresaturaCO', 9, 8);
INSERT INTO `svolgimento` (`Data`, `OreLavorate`, `NomeAttivita`, `IDdipendente`, `IDprodotto`) VALUES
('2020-02-19', 6, 'Trapano', 15, 31),
('2020-08-23', 3, 'Aggiustaggio', 10, 14),
('2020-12-02', 7, 'FresaturaSO', 9, 43),
('2019-04-01', 1, 'FresaturaSO', 8, 13),
('2019-06-08', 5, 'FresaturaCO', 9, 44),
('2021-12-04', 3, 'Trapano', 12, 20),
('2019-06-09', 2, 'FresaturaSO', 9, 10),
('2019-03-24', 2, 'Aggiustaggio', 12, 13),
('2019-06-07', 2, 'Progettazione', 1, 44),
('2020-09-20', 3, 'FresaturaCO', 7, 6),
('2020-08-05', 5, 'FresaturaSO', 9, 15),
('2019-08-08', 6, 'FresaturaCO', 8, 29),
('2020-06-10', 4, 'FresaturaSO', 8, 49),
('2020-06-19', 4, 'FresaturaSO', 8, 4),
('2019-07-19', 7, 'Progettazione', 2, 30),
('2020-06-11', 5, 'FresaturaSO', 5, 49),
('2019-06-29', 2, 'FresaturaCO', 8, 10),
('2020-08-11', 7, 'FresaturaSO', 6, 15),
('2019-11-11', 2, 'FresaturaSO', 8, 12),
('2019-08-29', 5, 'Aggiustaggio', 11, 25),
('2020-04-05', 3, 'Trapano', 10, 9),
('2019-09-09', 2, 'FresaturaCO', 5, 39),
('2021-12-06', 7, 'FresaturaCO', 8, 41),
('2019-07-09', 6, 'FresaturaSO', 8, 44),
('2019-12-02', 6, 'FresaturaCO', 9, 18),
('2020-07-30', 6, 'Trapano', 14, 34),
('2020-04-20', 2, 'FresaturaCO', 5, 27),
('2020-01-25', 2, 'Trapano', 12, 31),
('2020-02-05', 1, 'Trapano', 14, 31),
('2019-07-26', 3, 'Trapano', 10, 29),
('2020-07-07', 2, 'FresaturaSO', 8, 1),
('2021-10-06', 4, 'Progettazione', 2, 3),
('2020-08-23', 5, 'Aggiustaggio', 14, 6),
('2020-10-17', 7, 'Progettazione', 4, 7),
('2019-07-13', 5, 'Trapano', 10, 47),
('2020-01-08', 6, 'FresaturaSO', 5, 17),
('2020-07-09', 4, 'FresaturaCO', 9, 15),
('2021-12-05', 4, 'Progettazione', 3, 41),
('2020-06-27', 7, 'FresaturaCO', 8, 4),
('2020-07-06', 5, 'FresaturaSO', 8, 15),
('2019-02-04', 7, 'FresaturaSO', 9, 5),
('2020-05-08', 3, 'Aggiustaggio', 11, 27),
('2019-06-12', 6, 'FresaturaSO', 5, 30),
('2019-07-25', 3, 'FresaturaCO', 5, 44),
('2019-09-21', 7, 'Aggiustaggio', 14, 25),
('2019-11-09', 5, 'Progettazione', 1, 18),
('2021-05-31', 6, 'Aggiustaggio', 10, 33),
('2019-07-10', 1, 'Trapano', 13, 47),
('2020-02-16', 7, 'Progettazione', 4, 31),
('2020-10-13', 3, 'Aggiustaggio', 13, 2),
('2019-03-24', 2, 'Aggiustaggio', 13, 13),
('2020-11-05', 5, 'FresaturaCO', 5, 36),
('2020-04-11', 4, 'FresaturaCO', 8, 48),
('2019-08-22', 1, 'Progettazione', 1, 47),
('2021-09-18', 4, 'Aggiustaggio', 13, 3),
('2021-12-23', 6, 'FresaturaCO', 5, 20),
('2020-03-06', 1, 'Aggiustaggio', 12, 9),
('2021-06-10', 6, 'Trapano', 11, 33),
('2020-08-29', 2, 'Aggiustaggio', 13, 14),
('2020-11-11', 3, 'Aggiustaggio', 15, 7),
('2019-06-28', 2, 'FresaturaSO', 6, 40),
('2020-11-19', 4, 'FresaturaSO', 8, 7),
('2020-05-29', 6, 'FresaturaCO', 5, 27),
('2020-02-01', 1, 'Aggiustaggio', 11, 17),
('2019-10-05', 2, 'Progettazione', 1, 32),
('2020-08-02', 1, 'FresaturaCO', 5, 15),
('2021-09-15', 7, 'Progettazione', 1, 26),
('2020-07-25', 7, 'Progettazione', 1, 1),
('2021-05-11', 5, 'FresaturaSO', 6, 23),
('2019-06-17', 3, 'Trapano', 10, 44),
('2020-09-25', 4, 'FresaturaCO', 8, 6),
('2020-10-10', 3, 'Trapano', 13, 2),
('2020-12-16', 5, 'Progettazione', 4, 37),
('2021-05-17', 3, 'Aggiustaggio', 11, 45),
('2019-07-25', 3, 'Aggiustaggio', 12, 40),
('2019-06-22', 1, 'FresaturaSO', 9, 10),
('2020-02-27', 4, 'Trapano', 10, 9),
('2020-06-08', 2, 'FresaturaCO', 9, 8),
('2019-06-19', 7, 'Trapano', 15, 30),
('2019-06-29', 2, 'FresaturaSO', 6, 44),
('2021-12-08', 2, 'FresaturaSO', 7, 41),
('2020-06-29', 4, 'Trapano', 12, 34),
('2021-12-18', 5, 'Trapano', 14, 41),
('2021-09-11', 3, 'FresaturaCO', 7, 28),
('2021-01-30', 5, 'FresaturaSO', 8, 46),
('2020-01-20', 2, 'Progettazione', 3, 21),
('2020-10-25', 2, 'Aggiustaggio', 12, 7),
('2020-05-30', 5, 'Aggiustaggio', 13, 22),
('2019-10-21', 4, 'Aggiustaggio', 11, 12),
('2020-07-14', 6, 'Aggiustaggio', 15, 1),
('2020-11-29', 3, 'Progettazione', 2, 50),
('2021-01-23', 1, 'Progettazione', 1, 46),
('2021-02-08', 3, 'FresaturaCO', 5, 11),
('2021-12-18', 4, 'FresaturaSO', 8, 20),
('2019-12-12', 1, 'FresaturaSO', 8, 24),
('2021-10-24', 4, 'Progettazione', 2, 16),
('2019-12-08', 2, 'Trapano', 12, 21),
('2019-06-16', 2, 'FresaturaCO', 6, 10),
('2020-10-04', 6, 'FresaturaCO', 7, 2),
('2020-08-06', 6, 'Aggiustaggio', 14, 15),
('2019-07-22', 1, 'Progettazione', 2, 47),
('2021-01-15', 5, 'FresaturaCO', 5, 11),
('2020-08-06', 3, 'Trapano', 15, 15),
('2020-06-27', 3, 'Trapano', 15, 8),
('2021-12-26', 1, 'Progettazione', 2, 38),
('2022-01-23', 4, 'FresaturaSO', 7, 38),
('2019-03-05', 2, 'Progettazione', 3, 35),
('2019-01-31', 3, 'FresaturaCO', 9, 5),
('2021-09-02', 2, 'Trapano', 15, 26),
('2021-09-14', 3, 'Progettazione', 2, 26),
('2020-11-14', 2, 'FresaturaSO', 6, 36),
('2019-08-28', 1, 'Aggiustaggio', 10, 39),
('2020-09-27', 5, 'FresaturaSO', 5, 2),
('2020-10-26', 5, 'FresaturaCO', 5, 50),
('2020-05-29', 3, 'FresaturaCO', 9, 27),
('2020-07-06', 2, 'Aggiustaggio', 12, 1),
('2021-05-11', 2, 'FresaturaCO', 8, 33),
('2020-05-10', 2, 'Trapano', 11, 27),
('2021-11-23', 5, 'Progettazione', 3, 20),
('2020-11-01', 6, 'FresaturaCO', 7, 2),
('2019-07-29', 3, 'Aggiustaggio', 15, 44),
('2019-04-06', 3, 'Progettazione', 4, 13),
('2019-09-07', 1, 'Trapano', 11, 39),
('2020-09-22', 7, 'Progettazione', 2, 6),
('2021-11-14', 1, 'FresaturaSO', 7, 41),
('2020-09-28', 1, 'FresaturaCO', 8, 2),
('2021-08-28', 6, 'FresaturaSO', 6, 26),
('2020-12-19', 5, 'Aggiustaggio', 11, 42),
('2022-01-17', 4, 'FresaturaCO', 7, 38),
('2019-10-09', 3, 'Aggiustaggio', 12, 32),
('2019-09-14', 1, 'FresaturaSO', 5, 32),
('2019-12-12', 6, 'FresaturaSO', 7, 24),
('2020-12-18', 1, 'FresaturaSO', 9, 37),
('2019-09-15', 3, 'FresaturaCO', 6, 32),
('2021-09-11', 2, 'Trapano', 15, 26),
('2019-07-16', 1, 'Trapano', 11, 40),
('2020-12-20', 7, 'Aggiustaggio', 14, 42),
('2019-07-15', 4, 'Trapano', 10, 30),
('2021-09-07', 4, 'FresaturaCO', 5, 3),
('2020-01-12', 6, 'Trapano', 15, 31),
('2020-05-28', 1, 'Aggiustaggio', 12, 27),
('2021-12-14', 2, 'FresaturaSO', 6, 20),
('2019-08-04', 2, 'Aggiustaggio', 14, 29),
('2021-04-26', 4, 'Aggiustaggio', 14, 45),
('2020-08-13', 2, 'Aggiustaggio', 14, 14),
('2021-12-11', 7, 'Aggiustaggio', 15, 41),
('2022-01-07', 7, 'Trapano', 10, 38),
('2020-11-01', 1, 'Trapano', 15, 50),
('2020-12-14', 6, 'Aggiustaggio', 12, 42),
('2020-06-21', 5, 'Trapano', 10, 8),
('2019-07-26', 7, 'FresaturaSO', 8, 29),
('2019-10-22', 3, 'FresaturaCO', 8, 32),
('2020-01-11', 6, 'FresaturaSO', 7, 17),
('2019-06-25', 1, 'Progettazione', 2, 10),
('2020-08-12', 6, 'FresaturaCO', 8, 15),
('2019-10-23', 5, 'FresaturaSO', 9, 12),
('2019-12-16', 2, 'Progettazione', 4, 24),
('2021-09-03', 6, 'Trapano', 10, 26),
('2020-02-20', 5, 'FresaturaCO', 6, 9),
('2019-12-01', 4, 'FresaturaSO', 8, 18),
('2021-10-07', 4, 'Aggiustaggio', 12, 3),
('2020-08-17', 7, 'Aggiustaggio', 10, 15),
('2021-01-10', 5, 'Aggiustaggio', 12, 42),
('2021-01-16', 6, 'FresaturaCO', 8, 11),
('2021-11-29', 7, 'Progettazione', 1, 41),
('2020-10-19', 2, 'Trapano', 13, 7),
('2020-07-01', 4, 'FresaturaSO', 7, 1),
('2020-11-12', 7, 'FresaturaCO', 6, 43),
('2020-11-04', 1, 'FresaturaCO', 9, 7),
('2021-06-03', 5, 'Trapano', 15, 33),
('2019-09-22', 3, 'Progettazione', 3, 32),
('2019-12-11', 6, 'Trapano', 15, 24),
('2019-10-16', 5, 'FresaturaSO', 8, 32),
('2021-05-18', 3, 'Progettazione', 1, 23),
('2020-11-07', 2, 'Aggiustaggio', 12, 36),
('2020-06-04', 1, 'Progettazione', 3, 8),
('2021-09-04', 6, 'FresaturaCO', 7, 28),
('2020-11-21', 6, 'FresaturaCO', 6, 43),
('2020-01-05', 3, 'FresaturaSO', 8, 31),
('2019-09-20', 2, 'Progettazione', 2, 32),
('2021-09-01', 4, 'Aggiustaggio', 12, 26),
('2019-09-16', 6, 'Aggiustaggio', 10, 25),
('2020-01-10', 3, 'Trapano', 12, 31),
('2021-11-24', 5, 'Trapano', 14, 41),
('2021-02-03', 7, 'FresaturaCO', 7, 11),
('2020-06-01', 3, 'FresaturaSO', 9, 4),
('2020-12-23', 6, 'FresaturaCO', 6, 37),
('2020-01-25', 3, 'Aggiustaggio', 12, 17),
('2021-01-26', 1, 'FresaturaCO', 5, 11),
('2021-05-24', 1, 'FresaturaCO', 6, 33),
('2020-07-21', 5, 'Progettazione', 2, 1),
('2020-02-17', 5, 'FresaturaSO', 8, 17),
('2020-10-06', 2, 'Trapano', 14, 36),
('2020-06-21', 3, 'Trapano', 12, 8),
('2021-11-22', 4, 'Trapano', 15, 20),
('2020-05-22', 1, 'Trapano', 15, 22),
('2020-07-06', 1, 'Trapano', 10, 34),
('2020-08-28', 4, 'FresaturaSO', 9, 14),
('2019-06-12', 5, 'Trapano', 12, 10),
('2019-06-08', 5, 'FresaturaCO', 9, 44),
('2020-03-31', 1, 'Aggiustaggio', 12, 9),
('2019-08-21', 3, 'FresaturaSO', 5, 39),
('2020-08-16', 3, 'Aggiustaggio', 10, 15),
('2021-06-15', 1, 'FresaturaCO', 5, 23),
('2020-11-24', 1, 'Trapano', 10, 37),
('2021-09-24', 6, 'Progettazione', 2, 28),
('2021-02-12', 6, 'Trapano', 15, 46),
('2020-08-06', 1, 'Trapano', 15, 15),
('2019-09-11', 6, 'Progettazione', 4, 32),
('2021-11-18', 1, 'FresaturaSO', 6, 41),
('2019-12-04', 5, 'Aggiustaggio', 13, 21),
('2020-06-26', 6, 'Aggiustaggio', 12, 8),
('2021-05-28', 4, 'Trapano', 12, 45),
('2020-05-15', 2, 'FresaturaCO', 6, 27),
('2020-12-17', 3, 'FresaturaSO', 9, 42),
('2020-11-01', 5, 'Progettazione', 1, 36),
('2019-08-20', 5, 'Progettazione', 3, 29),
('2020-12-22', 3, 'FresaturaSO', 7, 37),
('2020-06-05', 3, 'Aggiustaggio', 10, 22),
('2020-11-16', 7, 'FresaturaSO', 9, 7),
('2020-03-10', 7, 'FresaturaSO', 5, 48),
('2019-07-28', 6, 'Progettazione', 3, 47),
('2020-04-07', 5, 'FresaturaCO', 8, 48),
('2019-07-15', 1, 'Progettazione', 1, 40),
('2019-12-26', 6, 'FresaturaSO', 9, 21),
('2021-02-23', 5, 'FresaturaSO', 5, 46),
('2019-12-18', 2, 'Aggiustaggio', 11, 21),
('2020-07-15', 3, 'Trapano', 11, 15),
('2019-12-04', 2, 'Progettazione', 3, 21),
('2020-12-03', 3, 'Aggiustaggio', 12, 43),
('2019-12-08', 3, 'Progettazione', 1, 24),
('2021-09-20', 4, 'Aggiustaggio', 15, 26),
('2019-11-15', 4, 'FresaturaSO', 6, 12),
('2021-05-27', 3, 'FresaturaCO', 7, 45),
('2021-08-19', 3, 'Progettazione', 4, 28),
('2020-08-09', 4, 'FresaturaSO', 9, 14),
('2020-11-26', 4, 'FresaturaCO', 6, 37),
('2020-09-05', 1, 'Aggiustaggio', 10, 6),
('2019-04-03', 4, 'Progettazione', 2, 13),
('2020-08-08', 3, 'Progettazione', 2, 15),
('2019-04-22', 5, 'Trapano', 11, 13),
('2020-09-19', 6, 'Trapano', 11, 6),
('2019-07-08', 2, 'FresaturaCO', 5, 30),
('2019-11-02', 6, 'Progettazione', 2, 18),
('2021-08-29', 3, 'FresaturaCO', 5, 28),
('2021-12-02', 5, 'Progettazione', 3, 41),
('2019-12-03', 5, 'Progettazione', 1, 18),
('2021-12-09', 2, 'Aggiustaggio', 15, 41),
('2020-03-28', 7, 'FresaturaSO', 7, 48),
('2021-05-26', 3, 'Trapano', 15, 33),
('2019-10-05', 3, 'Aggiustaggio', 10, 32),
('2021-09-01', 3, 'Trapano', 11, 28),
('2019-09-30', 4, 'Aggiustaggio', 13, 25),
('2020-06-05', 6, 'FresaturaCO', 9, 8),
('2019-07-26', 3, 'Aggiustaggio', 10, 44),
('2019-04-20', 5, 'FresaturaCO', 7, 13),
('2021-01-31', 3, 'Trapano', 10, 42),
('2020-06-02', 4, 'FresaturaSO', 9, 4),
('2020-05-22', 5, 'FresaturaCO', 8, 22),
('2019-07-01', 4, 'FresaturaSO', 9, 40),
('2020-06-28', 2, 'Aggiustaggio', 15, 15),
('2019-09-04', 5, 'FresaturaSO', 8, 39),
('2020-05-24', 7, 'FresaturaSO', 9, 22),
('2019-08-05', 2, 'FresaturaSO', 7, 29),
('2020-10-19', 5, 'Trapano', 11, 2),
('2020-01-09', 5, 'Aggiustaggio', 14, 21),
('2019-10-08', 7, 'FresaturaSO', 7, 12),
('2019-10-01', 6, 'Trapano', 14, 32),
('2019-11-06', 1, 'FresaturaCO', 7, 12),
('2019-11-24', 4, 'Aggiustaggio', 11, 18),
('2020-06-02', 6, 'Progettazione', 1, 8),
('2020-07-22', 6, 'Aggiustaggio', 14, 34),
('2020-06-15', 5, 'Aggiustaggio', 14, 8),
('2019-08-03', 5, 'FresaturaCO', 9, 47),
('2021-11-28', 2, 'FresaturaCO', 9, 20),
('2019-12-07', 3, 'Trapano', 13, 18),
('2021-05-22', 2, 'Trapano', 13, 23),
('2021-02-01', 7, 'FresaturaSO', 6, 11),
('2020-10-27', 3, 'FresaturaSO', 8, 36),
('2021-11-21', 5, 'Trapano', 13, 41),
('2020-07-04', 7, 'Aggiustaggio', 15, 1),
('2020-05-24', 5, 'Aggiustaggio', 14, 49),
('2020-10-13', 2, 'Trapano', 15, 36),
('2020-01-15', 6, 'FresaturaSO', 5, 21),
('2020-05-25', 7, 'Trapano', 10, 49),
('2021-12-08', 4, 'Trapano', 11, 41),
('2021-12-09', 5, 'Progettazione', 1, 20),
('2019-08-26', 3, 'Aggiustaggio', 13, 39),
('2019-07-31', 5, 'Progettazione', 1, 44),
('2020-12-04', 7, 'FresaturaSO', 5, 50),
('2019-12-20', 4, 'Aggiustaggio', 13, 21),
('2021-04-24', 4, 'FresaturaCO', 6, 45),
('2020-02-05', 5, 'FresaturaCO', 9, 31),
('2020-06-17', 4, 'FresaturaSO', 7, 49),
('2019-09-23', 2, 'FresaturaCO', 7, 32),
('2020-11-24', 4, 'Aggiustaggio', 15, 50),
('2020-08-12', 4, 'FresaturaSO', 7, 14),
('2021-06-07', 1, 'FresaturaCO', 7, 23),
('2020-11-05', 1, 'Aggiustaggio', 10, 36),
('2020-05-13', 4, 'Trapano', 12, 22),
('2019-07-14', 5, 'FresaturaCO', 8, 30),
('2019-09-02', 6, 'Aggiustaggio', 15, 39),
('2020-07-24', 3, 'Aggiustaggio', 12, 1),
('2020-05-23', 2, 'FresaturaSO', 7, 49),
('2021-11-17', 2, 'FresaturaCO', 9, 41),
('2019-07-21', 1, 'FresaturaCO', 7, 47),
('2021-10-05', 4, 'FresaturaCO', 8, 28),
('2020-01-01', 6, 'Trapano', 13, 24),
('2020-11-15', 2, 'FresaturaSO', 6, 7),
('2019-07-28', 2, 'Aggiustaggio', 15, 39),
('2020-03-25', 2, 'Aggiustaggio', 11, 48),
('2021-03-16', 7, 'FresaturaCO', 7, 19),
('2020-07-24', 6, 'FresaturaSO', 8, 1),
('2020-06-30', 1, 'Progettazione', 2, 34),
('2019-12-04', 7, 'FresaturaSO', 7, 18),
('2019-06-05', 4, 'Aggiustaggio', 10, 30),
('2020-12-05', 5, 'Aggiustaggio', 10, 43),
('2019-11-06', 2, 'Trapano', 12, 12),
('2019-12-23', 1, 'Aggiustaggio', 11, 21),
('2021-10-02', 7, 'FresaturaCO', 5, 28),
('2019-07-17', 5, 'Progettazione', 1, 47),
('2019-07-31', 7, 'FresaturaCO', 7, 40),
('2020-08-25', 4, 'Progettazione', 2, 6),
('2021-12-03', 3, 'Aggiustaggio', 12, 41),
('2020-04-01', 1, 'FresaturaSO', 8, 48),
('2019-04-04', 3, 'Progettazione', 2, 35),
('2020-03-11', 5, 'FresaturaCO', 6, 9),
('2020-12-27', 7, 'Progettazione', 3, 42),
('2019-04-24', 3, 'Progettazione', 1, 13),
('2021-06-08', 5, 'FresaturaCO', 7, 33),
('2020-12-25', 1, 'Progettazione', 1, 42),
('2020-10-09', 4, 'Aggiustaggio', 13, 2),
('2020-11-30', 5, 'Aggiustaggio', 15, 43),
('2019-07-07', 2, 'FresaturaCO', 6, 40),
('2021-09-01', 2, 'Aggiustaggio', 15, 28),
('2021-06-04', 1, 'Trapano', 13, 23),
('2019-08-07', 5, 'FresaturaSO', 6, 29),
('2020-02-20', 6, 'FresaturaSO', 7, 17),
('2020-06-13', 3, 'Aggiustaggio', 13, 4),
('2021-12-03', 4, 'FresaturaCO', 9, 41),
('2019-09-04', 6, 'Aggiustaggio', 11, 25),
('2021-12-03', 6, 'FresaturaSO', 5, 20),
('2020-12-25', 6, 'FresaturaSO', 5, 37),
('2019-07-22', 3, 'Aggiustaggio', 14, 47),
('2021-02-06', 4, 'Aggiustaggio', 11, 19),
('2019-06-23', 1, 'FresaturaSO', 7, 40),
('2020-06-23', 6, 'Trapano', 14, 4),
('2020-09-25', 6, 'FresaturaCO', 6, 6),
('2021-09-16', 1, 'Trapano', 13, 26),
('2019-08-01', 2, 'Trapano', 12, 44),
('2020-02-21', 4, 'Trapano', 12, 9),
('2021-05-05', 5, 'Trapano', 14, 45),
('2019-11-13', 5, 'Aggiustaggio', 13, 18),
('2021-09-05', 5, 'Progettazione', 2, 26),
('2020-07-15', 5, 'Trapano', 13, 34),
('2019-03-12', 5, 'Aggiustaggio', 15, 35),
('2019-10-07', 4, 'FresaturaCO', 6, 32),
('2021-01-23', 7, 'FresaturaSO', 5, 42),
('2022-02-07', 5, 'FresaturaCO', 6, 38),
('2019-07-05', 5, 'Trapano', 13, 30),
('2019-09-24', 2, 'FresaturaSO', 7, 32),
('2020-07-08', 4, 'FresaturaSO', 8, 1),
('2020-10-12', 5, 'FresaturaSO', 9, 2),
('2020-06-17', 4, 'Trapano', 13, 49),
('2021-02-27', 1, 'Trapano', 10, 19),
('2021-09-18', 2, 'FresaturaCO', 8, 3),
('2021-10-24', 5, 'FresaturaCO', 7, 3),
('2019-03-07', 5, 'Aggiustaggio', 14, 35),
('2020-07-22', 3, 'Aggiustaggio', 14, 1),
('2019-05-07', 1, 'Trapano', 10, 13),
('2020-01-19', 7, 'Aggiustaggio', 10, 31),
('2021-02-03', 3, 'Progettazione', 2, 19),
('2020-01-12', 3, 'Aggiustaggio', 15, 31),
('2020-05-12', 1, 'Trapano', 14, 27),
('2020-01-15', 4, 'Trapano', 12, 31),
('2019-09-12', 6, 'Trapano', 11, 25),
('2020-10-07', 5, 'Progettazione', 2, 36),
('2020-11-23', 6, 'Progettazione', 4, 50),
('2020-06-28', 1, 'Trapano', 15, 34),
('2021-11-30', 1, 'Progettazione', 1, 20),
('2021-01-30', 5, 'Aggiustaggio', 10, 19),
('2021-09-15', 2, 'FresaturaSO', 7, 26),
('2020-05-11', 6, 'FresaturaSO', 5, 27),
('2019-11-08', 3, 'Progettazione', 4, 12),
('2019-06-17', 7, 'Progettazione', 3, 40),
('2020-03-28', 4, 'Trapano', 11, 48),
('2019-06-26', 2, 'Aggiustaggio', 15, 44),
('2019-08-18', 4, 'FresaturaCO', 5, 39),
('2021-09-23', 4, 'Trapano', 12, 28),
('2020-08-02', 4, 'Progettazione', 3, 15),
('2020-10-25', 7, 'FresaturaSO', 9, 50),
('2020-02-08', 3, 'Trapano', 14, 31),
('2020-02-02', 3, 'Trapano', 14, 31),
('2019-06-11', 1, 'Trapano', 10, 10),
('2021-10-03', 5, 'Trapano', 12, 28),
('2021-12-02', 3, 'Progettazione', 4, 20),
('2019-04-05', 5, 'Trapano', 12, 13),
('2021-06-05', 3, 'Aggiustaggio', 11, 23),
('2019-08-29', 1, 'FresaturaCO', 5, 25),
('2019-08-07', 4, 'FresaturaSO', 8, 47),
('2019-12-14', 7, 'Trapano', 15, 24),
('2020-03-28', 5, 'FresaturaSO', 5, 9),
('2020-06-06', 2, 'Progettazione', 1, 8),
('2020-04-11', 5, 'Trapano', 11, 48),
('2021-05-14', 1, 'FresaturaSO', 8, 33),
('2020-12-01', 3, 'Aggiustaggio', 15, 50),
('2019-07-16', 1, 'Trapano', 15, 29),
('2020-07-02', 6, 'Trapano', 10, 34),
('2021-03-04', 7, 'FresaturaCO', 8, 46),
('2020-07-08', 5, 'FresaturaSO', 5, 15),
('2021-02-15', 5, 'FresaturaCO', 6, 19),
('2019-04-02', 6, 'FresaturaCO', 8, 13),
('2020-01-03', 6, 'Progettazione', 3, 24),
('2019-05-01', 1, 'FresaturaSO', 5, 13),
('2020-03-04', 2, 'FresaturaCO', 9, 48),
('2020-07-09', 3, 'Aggiustaggio', 12, 4),
('2021-08-29', 2, 'FresaturaSO', 9, 26),
('2020-05-05', 2, 'Progettazione', 1, 27),
('2021-06-07', 3, 'FresaturaCO', 6, 23),
('2020-11-24', 5, 'Progettazione', 2, 43),
('2020-09-09', 3, 'Progettazione', 4, 14),
('2019-09-09', 7, 'Aggiustaggio', 15, 39),
('2019-04-09', 6, 'Progettazione', 1, 13),
('2021-10-16', 2, 'FresaturaCO', 7, 3),
('2019-07-04', 7, 'FresaturaCO', 8, 47),
('2021-09-28', 3, 'FresaturaCO', 7, 3),
('2021-09-05', 6, 'Aggiustaggio', 13, 3),
('2019-06-25', 1, 'FresaturaCO', 5, 44),
('2021-01-31', 6, 'Progettazione', 1, 42),
('2021-12-07', 4, 'Progettazione', 4, 16),
('2021-04-21', 4, 'Aggiustaggio', 15, 45),
('2019-12-05', 6, 'Trapano', 12, 24),
('2019-06-09', 1, 'Trapano', 12, 10),
('2019-07-01', 7, 'Trapano', 12, 10),
('2019-10-17', 4, 'Aggiustaggio', 14, 32),
('2019-07-18', 5, 'FresaturaCO', 5, 30),
('2020-07-15', 2, 'Trapano', 14, 1),
('2020-10-09', 4, 'FresaturaCO', 6, 2),
('2020-07-11', 7, 'FresaturaSO', 8, 15),
('2020-07-07', 2, 'FresaturaCO', 8, 1),
('2020-01-05', 2, 'FresaturaCO', 5, 21),
('2020-08-28', 5, 'Aggiustaggio', 11, 14),
('2021-09-22', 6, 'Aggiustaggio', 15, 26),
('2019-11-29', 6, 'Progettazione', 3, 24),
('2019-06-20', 3, 'FresaturaCO', 5, 10),
('2019-04-01', 1, 'Aggiustaggio', 14, 13),
('2020-05-28', 6, 'FresaturaCO', 6, 4),
('2021-12-08', 7, 'FresaturaSO', 9, 41),
('2019-03-09', 1, 'FresaturaCO', 8, 35),
('2019-04-04', 7, 'Progettazione', 1, 35),
('2021-02-28', 5, 'Aggiustaggio', 13, 46),
('2019-07-20', 5, 'Trapano', 10, 29),
('2020-09-04', 2, 'FresaturaSO', 8, 14),
('2019-11-16', 5, 'FresaturaCO', 8, 18),
('2019-06-17', 7, 'Trapano', 14, 40),
('2021-01-08', 3, 'FresaturaSO', 7, 42),
('2020-05-06', 6, 'Aggiustaggio', 14, 27),
('2020-09-13', 2, 'Aggiustaggio', 13, 14),
('2021-05-10', 7, 'FresaturaSO', 9, 33),
('2019-02-02', 4, 'Aggiustaggio', 13, 5),
('2021-02-16', 2, 'Trapano', 12, 19),
('2019-08-30', 2, 'Trapano', 11, 39),
('2020-01-13', 4, 'Progettazione', 1, 17),
('2020-05-16', 4, 'Aggiustaggio', 12, 49),
('2020-01-02', 6, 'Aggiustaggio', 14, 21),
('2020-12-15', 6, 'Progettazione', 3, 37),
('2020-10-22', 2, 'Trapano', 15, 36),
('2020-10-22', 2, 'Aggiustaggio', 15, 7),
('2019-07-09', 1, 'Progettazione', 1, 40),
('2019-10-11', 5, 'FresaturaSO', 9, 32),
('2020-10-14', 5, 'FresaturaSO', 5, 2),
('2020-09-30', 3, 'Trapano', 11, 2),
('2021-02-10', 4, 'FresaturaSO', 5, 19),
('2021-11-21', 7, 'Trapano', 10, 20),
('2020-08-15', 7, 'Progettazione', 3, 15),
('2020-01-21', 4, 'FresaturaCO', 8, 17),
('2020-07-06', 2, 'FresaturaSO', 8, 1),
('2019-11-25', 2, 'Progettazione', 4, 24),
('2021-01-24', 5, 'Trapano', 15, 19),
('2020-01-08', 3, 'Trapano', 10, 17),
('2020-12-16', 2, 'Aggiustaggio', 14, 37),
('2020-07-04', 7, 'FresaturaCO', 9, 15),
('2021-02-07', 7, 'FresaturaSO', 5, 11),
('2020-07-02', 3, 'Trapano', 11, 15),
('2021-12-13', 7, 'FresaturaCO', 9, 41),
('2021-02-17', 3, 'FresaturaCO', 9, 11),
('2019-07-21', 1, 'Progettazione', 1, 47),
('2020-01-31', 7, 'FresaturaSO', 8, 31),
('2020-03-01', 5, 'FresaturaSO', 5, 9),
('2019-07-13', 3, 'FresaturaSO', 8, 10),
('2021-06-17', 1, 'FresaturaCO', 5, 23),
('2020-11-04', 5, 'Aggiustaggio', 11, 50),
('2021-02-18', 2, 'Progettazione', 2, 11),
('2019-08-16', 5, 'FresaturaSO', 9, 39),
('2020-10-26', 1, 'FresaturaSO', 7, 7),
('2021-09-12', 4, 'Progettazione', 1, 3),
('2019-07-10', 3, 'FresaturaCO', 9, 30),
('2020-05-11', 2, 'Trapano', 15, 49),
('2019-10-14', 6, 'FresaturaSO', 5, 12),
('2020-09-06', 5, 'Trapano', 11, 6),
('2019-08-29', 2, 'Progettazione', 3, 39),
('2020-03-18', 6, 'FresaturaCO', 5, 9),
('2020-08-21', 5, 'FresaturaCO', 9, 14),
('2019-08-06', 4, 'Trapano', 15, 29),
('2019-06-29', 2, 'FresaturaSO', 6, 10),
('2020-07-01', 1, 'FresaturaSO', 6, 15),
('2020-05-15', 7, 'Progettazione', 3, 49),
('2019-12-27', 7, 'FresaturaSO', 7, 21),
('2022-01-10', 5, 'FresaturaCO', 9, 38),
('2019-11-02', 7, 'FresaturaSO', 6, 12),
('2021-11-06', 4, 'FresaturaSO', 5, 16),
('2020-03-12', 2, 'FresaturaSO', 8, 48),
('2020-07-02', 5, 'FresaturaCO', 7, 4),
('2020-05-15', 3, 'Aggiustaggio', 15, 27),
('2020-06-12', 3, 'Progettazione', 2, 22),
('2020-10-15', 2, 'Aggiustaggio', 12, 2),
('2020-10-09', 5, 'FresaturaSO', 8, 7),
('2020-06-23', 1, 'Progettazione', 4, 34),
('2021-10-23', 6, 'Trapano', 12, 3),
('2019-12-12', 7, 'Progettazione', 4, 24),
('2019-06-08', 2, 'FresaturaSO', 5, 30),
('2021-05-19', 5, 'Progettazione', 3, 45),
('2021-11-26', 5, 'FresaturaSO', 8, 16),
('2020-08-17', 6, 'FresaturaSO', 9, 14),
('2021-09-10', 4, 'FresaturaCO', 5, 3),
('2019-07-31', 1, 'Progettazione', 1, 40),
('2020-04-09', 5, 'Progettazione', 2, 48),
('2021-10-06', 7, 'FresaturaSO', 6, 28),
('2019-11-05', 2, 'FresaturaCO', 6, 12),
('2020-05-23', 1, 'Aggiustaggio', 15, 22),
('2019-06-18', 5, 'Progettazione', 4, 10),
('2021-02-02', 2, 'Trapano', 14, 11),
('2019-08-17', 3, 'Progettazione', 3, 47),
('2020-10-06', 5, 'FresaturaCO', 7, 2),
('2019-05-07', 3, 'Aggiustaggio', 13, 13),
('2020-01-26', 7, 'Progettazione', 3, 31),
('2020-02-07', 1, 'FresaturaSO', 6, 17),
('2019-04-24', 2, 'Aggiustaggio', 10, 35),
('2021-05-02', 2, 'Aggiustaggio', 13, 45),
('2019-07-12', 3, 'Aggiustaggio', 15, 29),
('2021-12-26', 4, 'FresaturaCO', 7, 38),
('2020-11-07', 3, 'Trapano', 12, 7),
('2020-05-08', 1, 'Trapano', 10, 49),
('2020-02-14', 1, 'Aggiustaggio', 13, 31),
('2020-02-22', 7, 'Aggiustaggio', 13, 31),
('2021-06-16', 4, 'Progettazione', 3, 23),
('2020-02-03', 3, 'FresaturaSO', 7, 31),
('2021-02-25', 4, 'Progettazione', 4, 19),
('2020-06-16', 3, 'Aggiustaggio', 14, 8),
('2021-04-26', 1, 'Progettazione', 2, 45),
('2021-02-02', 3, 'FresaturaSO', 7, 46),
('2019-03-27', 1, 'Aggiustaggio', 12, 13),
('2021-01-19', 4, 'FresaturaCO', 9, 42),
('2020-01-14', 4, 'Progettazione', 1, 17),
('2021-06-15', 3, 'Aggiustaggio', 14, 33),
('2020-05-09', 2, 'Aggiustaggio', 11, 27),
('2020-12-14', 1, 'Trapano', 11, 42),
('2019-07-18', 7, 'FresaturaSO', 8, 30),
('2019-12-03', 5, 'Aggiustaggio', 15, 18),
('2020-04-26', 2, 'Trapano', 13, 27),
('2019-12-02', 5, 'FresaturaSO', 5, 24),
('2019-12-22', 7, 'FresaturaCO', 5, 21),
('2020-01-25', 7, 'Trapano', 15, 17),
('2020-02-08', 4, 'FresaturaSO', 5, 17),
('2020-05-31', 1, 'Progettazione', 3, 49),
('2020-01-02', 3, 'Aggiustaggio', 13, 24),
('2019-04-18', 4, 'Trapano', 13, 13),
('2019-07-06', 2, 'FresaturaCO', 8, 47),
('2021-01-20', 2, 'Aggiustaggio', 10, 11),
('2021-03-05', 1, 'FresaturaSO', 8, 46),
('2019-06-24', 7, 'FresaturaCO', 5, 10),
('2020-02-12', 4, 'Trapano', 13, 9),
('2021-05-19', 4, 'FresaturaCO', 7, 45),
('2020-09-03', 7, 'Aggiustaggio', 10, 6),
('2019-10-15', 5, 'FresaturaCO', 5, 12),
('2020-02-18', 3, 'Trapano', 15, 9),
('2021-06-07', 4, 'Aggiustaggio', 13, 23),
('2020-06-20', 7, 'FresaturaSO', 7, 4),
('2019-01-30', 7, 'Trapano', 15, 5),
('2019-12-05', 6, 'Trapano', 12, 21),
('2020-01-10', 1, 'FresaturaSO', 8, 31),
('2020-11-04', 6, 'FresaturaSO', 6, 50),
('2020-10-15', 4, 'Trapano', 14, 2),
('2019-07-25', 4, 'FresaturaCO', 6, 40),
('2021-08-23', 3, 'Progettazione', 1, 26),
('2019-02-21', 4, 'Aggiustaggio', 15, 5),
('2020-05-21', 2, 'FresaturaCO', 6, 27),
('2022-01-03', 3, 'FresaturaSO', 7, 38),
('2021-08-27', 2, 'Trapano', 15, 26),
('2020-12-20', 7, 'Trapano', 12, 42),
('2020-05-30', 3, 'Trapano', 13, 27),
('2021-02-11', 1, 'FresaturaSO', 6, 46),
('2020-07-10', 1, 'Progettazione', 3, 34),
('2019-04-21', 1, 'Progettazione', 3, 35),
('2021-11-07', 3, 'Trapano', 10, 16),
('2021-11-27', 6, 'Trapano', 11, 41),
('2020-01-04', 4, 'Aggiustaggio', 14, 21),
('2021-10-22', 4, 'FresaturaSO', 8, 16),
('2020-08-02', 2, 'Aggiustaggio', 11, 34),
('2020-06-28', 6, 'Progettazione', 4, 4),
('2020-07-18', 6, 'FresaturaCO', 9, 1),
('2019-02-08', 2, 'Aggiustaggio', 12, 5),
('2020-02-15', 3, 'Aggiustaggio', 10, 31),
('2019-06-21', 4, 'FresaturaSO', 6, 10),
('2019-12-11', 1, 'FresaturaCO', 7, 21),
('2020-01-02', 4, 'FresaturaSO', 7, 21),
('2019-08-13', 4, 'FresaturaCO', 9, 39),
('2022-01-22', 2, 'Trapano', 10, 38),
('2020-06-20', 7, 'FresaturaCO', 7, 8),
('2020-06-19', 7, 'Aggiustaggio', 14, 4),
('2021-09-13', 5, 'Trapano', 13, 3),
('2021-05-31', 1, 'Aggiustaggio', 13, 33),
('2020-05-07', 3, 'Trapano', 13, 27),
('2020-10-20', 1, 'Progettazione', 1, 2),
('2021-09-22', 5, 'Aggiustaggio', 13, 3),
('2020-06-28', 4, 'Trapano', 14, 1),
('2020-01-31', 1, 'FresaturaSO', 5, 17),
('2020-06-11', 7, 'FresaturaSO', 7, 22),
('2021-05-17', 5, 'Trapano', 14, 33),
('2020-08-03', 7, 'Aggiustaggio', 10, 15),
('2021-01-31', 2, 'FresaturaSO', 8, 11),
('2020-02-13', 5, 'FresaturaCO', 9, 17),
('2019-07-27', 4, 'FresaturaCO', 6, 47),
('2020-05-22', 2, 'Progettazione', 3, 22),
('2021-08-25', 6, 'Progettazione', 3, 28),
('2020-07-11', 1, 'FresaturaSO', 8, 34),
('2020-08-26', 3, 'Progettazione', 2, 6),
('2019-06-26', 5, 'Aggiustaggio', 11, 30),
('2019-05-02', 4, 'Trapano', 15, 13),
('2020-11-26', 4, 'FresaturaSO', 8, 43),
('2021-12-06', 5, 'Aggiustaggio', 11, 20),
('2019-11-30', 2, 'Trapano', 12, 24),
('2020-11-14', 2, 'Progettazione', 1, 7),
('2021-05-24', 6, 'FresaturaSO', 7, 45),
('2020-10-22', 5, 'Aggiustaggio', 13, 36),
('2019-06-26', 7, 'FresaturaSO', 9, 30),
('2019-12-10', 2, 'Progettazione', 1, 24),
('2019-07-09', 6, 'Aggiustaggio', 11, 10),
('2020-07-01', 3, 'FresaturaSO', 7, 1),
('2021-03-03', 3, 'FresaturaSO', 8, 19),
('2020-01-24', 6, 'Trapano', 15, 31),
('2019-07-02', 3, 'Aggiustaggio', 11, 30),
('2020-07-09', 3, 'Progettazione', 1, 1),
('2020-01-01', 3, 'Progettazione', 1, 24),
('2020-06-26', 1, 'Aggiustaggio', 12, 49),
('2021-09-18', 6, 'Aggiustaggio', 11, 28),
('2019-03-24', 5, 'FresaturaSO', 6, 35),
('2021-02-02', 3, 'FresaturaCO', 6, 11),
('2019-07-23', 7, 'Aggiustaggio', 14, 47),
('2021-12-01', 6, 'Aggiustaggio', 10, 41),
('2021-06-05', 3, 'FresaturaSO', 8, 23),
('2019-07-01', 4, 'Progettazione', 4, 30),
('2021-05-26', 7, 'Progettazione', 2, 45),
('2019-08-25', 4, 'Progettazione', 2, 47),
('2020-10-18', 4, 'FresaturaCO', 9, 7),
('2021-02-03', 1, 'Progettazione', 3, 19),
('2020-11-10', 7, 'FresaturaSO', 6, 50),
('2021-02-12', 7, 'FresaturaSO', 9, 11),
('2019-07-16', 3, 'FresaturaSO', 7, 40),
('2020-06-22', 1, 'Progettazione', 1, 4),
('2020-12-05', 7, 'Progettazione', 4, 37),
('2020-12-24', 1, 'FresaturaCO', 6, 42),
('2019-07-04', 5, 'Progettazione', 3, 10),
('2021-05-24', 6, 'Progettazione', 1, 33),
('2019-12-21', 6, 'Trapano', 12, 24),
('2021-02-17', 4, 'FresaturaCO', 6, 46),
('2020-03-17', 1, 'FresaturaSO', 5, 48),
('2020-01-10', 7, 'FresaturaCO', 6, 17),
('2020-12-10', 6, 'Progettazione', 3, 37),
('2019-07-12', 3, 'FresaturaSO', 7, 40),
('2021-11-30', 6, 'FresaturaSO', 7, 16),
('2021-11-27', 2, 'Progettazione', 1, 16),
('2022-01-18', 2, 'Progettazione', 2, 38),
('2020-07-21', 4, 'Trapano', 15, 34),
('2019-12-08', 3, 'Progettazione', 1, 21),
('2021-02-23', 2, 'Aggiustaggio', 14, 19),
('2019-02-22', 5, 'FresaturaCO', 5, 5),
('2021-02-03', 7, 'Trapano', 14, 46),
('2020-01-29', 1, 'Aggiustaggio', 11, 31),
('2021-05-31', 7, 'Progettazione', 2, 23),
('2019-07-31', 5, 'Trapano', 11, 40),
('2020-11-28', 7, 'Aggiustaggio', 12, 37),
('2020-05-06', 7, 'FresaturaSO', 6, 27),
('2020-01-06', 4, 'FresaturaCO', 8, 24),
('2021-08-28', 7, 'Trapano', 13, 28),
('2019-10-28', 1, 'FresaturaSO', 9, 12),
('2021-01-04', 1, 'FresaturaSO', 6, 42),
('2020-12-17', 1, 'Progettazione', 4, 37),
('2019-01-21', 5, 'FresaturaSO', 8, 5),
('2020-01-05', 2, 'Aggiustaggio', 14, 31),
('2021-08-17', 3, 'Trapano', 10, 28),
('2020-07-04', 4, 'Progettazione', 1, 4),
('2021-01-31', 2, 'FresaturaSO', 5, 11),
('2020-01-25', 4, 'Trapano', 14, 17),
('2021-02-03', 1, 'FresaturaSO', 7, 19),
('2020-05-22', 1, 'FresaturaSO', 6, 27),
('2019-06-30', 4, 'Trapano', 11, 30),
('2020-10-06', 6, 'Progettazione', 3, 2),
('2020-08-27', 1, 'Aggiustaggio', 12, 14),
('2021-12-16', 5, 'FresaturaSO', 9, 41),
('2021-09-21', 4, 'Trapano', 14, 26),
('2020-07-14', 5, 'Trapano', 15, 1),
('2021-09-21', 3, 'Aggiustaggio', 12, 3),
('2020-08-31', 7, 'Progettazione', 1, 14),
('2021-05-23', 1, 'FresaturaSO', 9, 45),
('2021-01-19', 5, 'Progettazione', 3, 11),
('2019-08-27', 7, 'Progettazione', 4, 39),
('2019-09-06', 2, 'FresaturaCO', 7, 25),
('2019-10-13', 6, 'Progettazione', 1, 12),
('2019-07-16', 1, 'FresaturaCO', 5, 29),
('2019-08-02', 6, 'Aggiustaggio', 15, 44),
('2021-11-23', 6, 'Trapano', 12, 20),
('2021-11-27', 1, 'Aggiustaggio', 12, 16),
('2020-05-02', 6, 'Trapano', 15, 22),
('2021-09-14', 5, 'Progettazione', 3, 28),
('2021-12-03', 1, 'Trapano', 12, 20),
('2021-06-05', 2, 'FresaturaCO', 7, 33),
('2019-06-21', 7, 'FresaturaCO', 8, 44),
('2020-03-18', 1, 'FresaturaSO', 6, 9),
('2020-05-01', 4, 'FresaturaSO', 6, 22),
('2020-12-03', 1, 'Progettazione', 1, 37),
('2019-12-30', 1, 'Aggiustaggio', 12, 24),
('2019-07-12', 1, 'FresaturaCO', 8, 29),
('2019-09-27', 1, 'Progettazione', 4, 32),
('2020-07-11', 1, 'FresaturaSO', 8, 15),
('2021-03-02', 2, 'Aggiustaggio', 10, 46),
('2019-06-26', 4, 'FresaturaCO', 6, 40),
('2019-09-26', 6, 'Progettazione', 4, 25),
('2020-12-30', 7, 'Aggiustaggio', 11, 37),
('2021-01-30', 6, 'FresaturaSO', 9, 19),
('2022-02-01', 2, 'FresaturaCO', 5, 38),
('2022-01-09', 4, 'Trapano', 15, 38),
('2020-05-26', 6, 'Progettazione', 3, 8),
('2020-07-04', 7, 'FresaturaSO', 8, 4),
('2019-11-30', 4, 'Progettazione', 2, 18),
('2020-05-12', 2, 'Trapano', 10, 22),
('2021-05-10', 1, 'FresaturaSO', 9, 33),
('2019-07-12', 6, 'Aggiustaggio', 14, 30),
('2020-10-03', 6, 'Progettazione', 4, 7),
('2021-12-30', 7, 'FresaturaSO', 8, 20),
('2020-02-05', 4, 'FresaturaCO', 9, 17),
('2019-08-15', 1, 'Trapano', 13, 29),
('2019-08-02', 7, 'Trapano', 12, 40),
('2020-06-15', 7, 'Progettazione', 3, 4),
('2020-12-05', 1, 'FresaturaSO', 5, 43),
('2021-02-11', 1, 'Progettazione', 4, 46),
('2021-10-10', 7, 'FresaturaSO', 9, 3),
('2019-12-27', 5, 'FresaturaCO', 7, 21),
('2020-12-31', 3, 'Trapano', 15, 37),
('2019-11-10', 6, 'FresaturaSO', 7, 18),
('2020-03-01', 6, 'FresaturaSO', 9, 48),
('2019-10-14', 2, 'FresaturaSO', 7, 32),
('2020-07-15', 3, 'Progettazione', 2, 1),
('2021-02-04', 1, 'Aggiustaggio', 13, 46),
('2020-05-30', 4, 'Trapano', 13, 27),
('2020-12-03', 7, 'FresaturaCO', 5, 43),
('2020-09-18', 1, 'FresaturaCO', 8, 14),
('2019-06-09', 2, 'FresaturaSO', 5, 30),
('2020-10-05', 5, 'Aggiustaggio', 13, 2),
('2019-12-23', 5, 'FresaturaSO', 9, 24),
('2021-05-01', 4, 'FresaturaCO', 8, 45),
('2020-09-15', 7, 'FresaturaCO', 8, 14),
('2019-10-09', 1, 'Progettazione', 1, 32),
('2021-01-24', 4, 'Progettazione', 2, 11),
('2020-08-02', 2, 'Progettazione', 3, 15),
('2019-11-23', 1, 'Progettazione', 1, 18),
('2019-08-02', 1, 'Trapano', 15, 44),
('2021-02-18', 3, 'FresaturaSO', 8, 46),
('2019-10-02', 6, 'FresaturaCO', 6, 12),
('2020-11-23', 4, 'Progettazione', 4, 37),
('2020-04-01', 6, 'Aggiustaggio', 15, 48),
('2020-06-11', 7, 'Progettazione', 3, 4),
('2021-01-21', 6, 'Progettazione', 4, 42),
('2020-07-31', 1, 'Progettazione', 3, 34),
('2020-10-10', 4, 'Progettazione', 1, 2),
('2019-08-14', 2, 'Progettazione', 2, 47),
('2021-09-08', 7, 'FresaturaCO', 6, 26),
('2019-12-09', 7, 'FresaturaSO', 5, 18),
('2021-01-20', 7, 'Trapano', 11, 11),
('2020-06-22', 6, 'Aggiustaggio', 10, 4),
('2019-10-15', 5, 'Trapano', 13, 32),
('2019-07-18', 5, 'Aggiustaggio', 10, 44),
('2019-08-09', 4, 'FresaturaCO', 6, 29),
('2021-08-16', 1, 'Trapano', 15, 28),
('2020-01-19', 7, 'Aggiustaggio', 13, 31),
('2020-06-07', 4, 'Aggiustaggio', 15, 8),
('2019-01-14', 7, 'Aggiustaggio', 15, 5),
('2020-05-30', 1, 'Trapano', 14, 4),
('2019-04-19', 1, 'Aggiustaggio', 15, 35),
('2019-09-29', 6, 'Progettazione', 1, 12),
('2020-12-14', 5, 'FresaturaCO', 9, 37),
('2021-06-01', 2, 'Trapano', 13, 23),
('2020-07-30', 4, 'Trapano', 14, 15),
('2020-10-25', 1, 'FresaturaSO', 9, 36),
('2021-06-02', 5, 'FresaturaCO', 5, 33),
('2019-06-05', 1, 'FresaturaCO', 5, 30),
('2020-07-02', 3, 'Progettazione', 1, 34),
('2020-06-11', 5, 'FresaturaSO', 5, 4),
('2020-06-10', 2, 'Aggiustaggio', 10, 8),
('2020-10-13', 1, 'Aggiustaggio', 14, 7),
('2021-12-08', 4, 'FresaturaSO', 7, 20),
('2021-05-13', 6, 'FresaturaCO', 8, 23),
('2020-07-09', 6, 'FresaturaCO', 7, 34),
('2021-05-15', 2, 'FresaturaCO', 5, 33),
('2019-08-16', 5, 'FresaturaSO', 9, 47),
('2019-10-21', 5, 'Trapano', 11, 12),
('2019-07-01', 1, 'Progettazione', 2, 10),
('2020-03-15', 4, 'Aggiustaggio', 14, 48),
('2021-09-19', 5, 'FresaturaCO', 6, 28),
('2020-08-20', 7, 'Progettazione', 2, 14),
('2020-01-10', 2, 'Progettazione', 4, 31),
('2021-03-04', 6, 'FresaturaCO', 5, 19),
('2021-12-28', 2, 'FresaturaCO', 7, 38),
('2020-10-26', 2, 'Aggiustaggio', 12, 2),
('2021-01-28', 6, 'Aggiustaggio', 12, 46),
('2019-09-27', 3, 'Progettazione', 3, 25),
('2020-03-30', 5, 'Trapano', 14, 48),
('2019-06-07', 7, 'Progettazione', 2, 44),
('2021-08-27', 5, 'FresaturaSO', 7, 26),
('2019-07-20', 7, 'FresaturaSO', 5, 30),
('2019-09-17', 2, 'Trapano', 12, 32),
('2020-11-18', 5, 'FresaturaSO', 9, 50),
('2020-06-24', 3, 'Aggiustaggio', 10, 8),
('2019-02-24', 7, 'Trapano', 10, 5),
('2019-10-06', 2, 'FresaturaCO', 6, 25),
('2021-12-04', 1, 'Aggiustaggio', 13, 20),
('2020-11-03', 5, 'FresaturaCO', 5, 36),
('2020-05-03', 7, 'FresaturaSO', 6, 22),
('2020-02-11', 7, 'Trapano', 12, 9),
('2019-02-10', 5, 'FresaturaSO', 5, 5),
('2019-07-13', 4, 'Progettazione', 3, 40),
('2020-07-26', 5, 'Trapano', 15, 34),
('2019-01-12', 3, 'FresaturaCO', 7, 5),
('2019-07-21', 3, 'Aggiustaggio', 13, 30),
('2021-01-20', 5, 'FresaturaCO', 8, 46),
('2022-01-27', 1, 'Aggiustaggio', 12, 38),
('2020-06-15', 2, 'FresaturaCO', 5, 4),
('2020-11-07', 5, 'Progettazione', 3, 7),
('2020-09-09', 7, 'Aggiustaggio', 10, 14),
('2019-06-22', 4, 'Trapano', 13, 10),
('2020-10-28', 1, 'Aggiustaggio', 12, 2),
('2021-06-11', 5, 'Aggiustaggio', 14, 23),
('2020-12-11', 6, 'Progettazione', 4, 37),
('2019-06-11', 7, 'Progettazione', 1, 30),
('2021-12-14', 5, 'FresaturaCO', 9, 20),
('2019-07-31', 7, 'Aggiustaggio', 10, 44),
('2021-09-15', 3, 'FresaturaCO', 9, 26),
('2020-08-10', 2, 'Progettazione', 3, 14),
('2019-09-05', 6, 'FresaturaSO', 5, 25),
('2020-11-04', 3, 'FresaturaCO', 8, 50),
('2019-07-14', 7, 'Trapano', 11, 29),
('2020-07-02', 1, 'FresaturaSO', 7, 34),
('2019-10-17', 1, 'FresaturaCO', 7, 32),
('2020-07-30', 3, 'FresaturaSO', 6, 34),
('2021-09-22', 7, 'FresaturaCO', 9, 26),
('2020-06-02', 6, 'Progettazione', 3, 49),
('2020-06-08', 7, 'FresaturaCO', 7, 22),
('2021-02-14', 5, 'Aggiustaggio', 13, 19),
('2021-09-24', 5, 'FresaturaCO', 8, 3),
('2019-06-21', 5, 'Aggiustaggio', 15, 30),
('2021-11-18', 5, 'Aggiustaggio', 12, 41),
('2019-12-17', 2, 'Aggiustaggio', 12, 21),
('2019-09-24', 2, 'Progettazione', 4, 32),
('2021-06-01', 4, 'Trapano', 14, 23),
('2021-05-25', 6, 'Progettazione', 1, 33),
('2019-12-04', 2, 'Trapano', 12, 18),
('2020-11-09', 7, 'FresaturaCO', 6, 43),
('2020-03-13', 7, 'Aggiustaggio', 14, 9),
('2019-07-03', 5, 'Trapano', 12, 30),
('2019-07-26', 7, 'Aggiustaggio', 10, 39),
('2020-08-10', 2, 'Progettazione', 3, 15),
('2020-10-29', 5, 'Aggiustaggio', 11, 2),
('2019-11-28', 4, 'Aggiustaggio', 12, 24),
('2020-07-06', 7, 'Trapano', 15, 34),
('2020-08-18', 2, 'FresaturaCO', 5, 6),
('2020-01-01', 5, 'Trapano', 13, 24),
('2019-06-27', 5, 'Aggiustaggio', 14, 30),
('2021-02-01', 3, 'Trapano', 12, 11),
('2019-07-02', 4, 'Aggiustaggio', 10, 10),
('2020-06-27', 6, 'FresaturaSO', 9, 1),
('2021-05-20', 2, 'Aggiustaggio', 15, 23),
('2019-12-02', 4, 'FresaturaSO', 9, 24),
('2020-03-21', 6, 'FresaturaCO', 5, 48),
('2019-11-29', 6, 'FresaturaCO', 5, 24),
('2019-06-23', 1, 'FresaturaSO', 5, 40),
('2019-07-15', 5, 'Trapano', 15, 40),
('2020-02-15', 2, 'FresaturaSO', 9, 9),
('2021-08-30', 5, 'FresaturaCO', 5, 26),
('2020-12-12', 3, 'FresaturaCO', 6, 37),
('2019-06-21', 2, 'FresaturaCO', 7, 30),
('2019-07-21', 6, 'Progettazione', 2, 29),
('2019-09-02', 4, 'Progettazione', 2, 39),
('2020-02-02', 1, 'Aggiustaggio', 15, 31),
('2019-12-01', 7, 'FresaturaSO', 6, 18),
('2021-12-08', 2, 'Progettazione', 3, 20),
('2019-07-25', 6, 'Progettazione', 4, 29),
('2019-03-20', 2, 'Trapano', 15, 13),
('2020-06-26', 1, 'FresaturaCO', 9, 34),
('2019-01-11', 6, 'FresaturaSO', 7, 5),
('2020-06-15', 4, 'Aggiustaggio', 14, 8),
('2020-12-05', 6, 'FresaturaSO', 8, 37),
('2020-04-28', 7, 'Aggiustaggio', 14, 27),
('2019-11-14', 1, 'Aggiustaggio', 13, 12),
('2020-11-26', 7, 'Aggiustaggio', 14, 43),
('2020-10-05', 3, 'Trapano', 12, 36),
('2020-06-02', 1, 'Progettazione', 1, 8),
('2020-11-11', 2, 'Aggiustaggio', 11, 7),
('2020-06-29', 3, 'Aggiustaggio', 14, 34),
('2021-12-22', 1, 'FresaturaCO', 6, 38),
('2019-10-26', 4, 'FresaturaCO', 6, 12),
('2021-12-05', 5, 'FresaturaCO', 7, 20),
('2020-04-04', 2, 'Progettazione', 1, 48),
('2020-07-20', 6, 'FresaturaCO', 7, 1),
('2020-07-26', 2, 'Aggiustaggio', 13, 34),
('2019-06-26', 1, 'FresaturaSO', 9, 44),
('2019-12-14', 2, 'Aggiustaggio', 14, 18),
('2019-09-22', 6, 'FresaturaCO', 6, 32),
('2019-11-29', 3, 'Trapano', 13, 24),
('2020-06-02', 2, 'Trapano', 11, 4),
('2021-12-10', 6, 'FresaturaSO', 5, 41),
('2020-02-08', 1, 'Aggiustaggio', 12, 17),
('2020-10-27', 6, 'Progettazione', 2, 43),
('2019-03-16', 5, 'Trapano', 11, 13),
('2020-10-22', 1, 'FresaturaCO', 6, 43),
('2019-03-27', 3, 'Trapano', 12, 35),
('2020-06-19', 1, 'Aggiustaggio', 10, 8),
('2020-06-04', 6, 'Aggiustaggio', 13, 49),
('2020-10-03', 4, 'FresaturaCO', 6, 36),
('2021-10-26', 6, 'FresaturaCO', 9, 3),
('2021-03-03', 1, 'Trapano', 15, 46),
('2020-06-05', 5, 'Aggiustaggio', 13, 22),
('2021-02-23', 1, 'FresaturaSO', 6, 19),
('2019-03-30', 1, 'Progettazione', 3, 35),
('2020-09-23', 1, 'FresaturaSO', 9, 6),
('2019-06-17', 1, 'Progettazione', 2, 10),
('2021-06-11', 5, 'FresaturaSO', 7, 33),
('2020-09-04', 7, 'Aggiustaggio', 11, 6),
('2020-11-08', 3, 'FresaturaSO', 9, 43),
('2021-12-07', 3, 'Aggiustaggio', 14, 20),
('2020-06-13', 2, 'Trapano', 13, 8),
('2020-06-27', 1, 'Aggiustaggio', 15, 8),
('2020-08-17', 4, 'FresaturaCO', 9, 15),
('2020-08-15', 6, 'FresaturaSO', 7, 14),
('2020-10-31', 1, 'FresaturaCO', 7, 50),
('2019-06-14', 7, 'Progettazione', 1, 30),
('2019-08-03', 1, 'Progettazione', 4, 39),
('2020-10-15', 5, 'FresaturaCO', 9, 2),
('2021-06-05', 3, 'FresaturaCO', 7, 33),
('2019-02-17', 6, 'Trapano', 12, 5),
('2019-04-19', 6, 'Trapano', 11, 13),
('2021-02-13', 3, 'FresaturaCO', 8, 11),
('2021-08-28', 5, 'FresaturaCO', 9, 26),
('2020-06-08', 6, 'Aggiustaggio', 15, 8),
('2020-11-27', 3, 'FresaturaSO', 6, 43),
('2019-08-01', 6, 'Aggiustaggio', 13, 40),
('2022-01-27', 6, 'Aggiustaggio', 13, 38),
('2021-10-10', 4, 'Progettazione', 3, 3),
('2020-12-05', 7, 'Trapano', 15, 37),
('2019-07-20', 4, 'Progettazione', 2, 30),
('2021-09-03', 4, 'Aggiustaggio', 12, 28),
('2020-03-29', 1, 'Trapano', 15, 9),
('2019-07-07', 1, 'FresaturaCO', 5, 30),
('2020-06-23', 4, 'Aggiustaggio', 13, 4),
('2021-11-23', 5, 'Aggiustaggio', 13, 16),
('2020-07-10', 5, 'FresaturaCO', 6, 1),
('2021-05-22', 4, 'Trapano', 11, 45),
('2019-09-30', 1, 'Progettazione', 1, 12),
('2021-09-12', 7, 'Aggiustaggio', 13, 28),
('2020-07-07', 3, 'FresaturaCO', 5, 1),
('2020-08-05', 1, 'Trapano', 12, 15),
('2019-07-10', 6, 'FresaturaSO', 7, 40),
('2021-06-10', 2, 'FresaturaCO', 7, 33),
('2020-01-18', 1, 'Aggiustaggio', 14, 21),
('2020-02-29', 1, 'FresaturaSO', 9, 9),
('2020-07-09', 5, 'Aggiustaggio', 15, 34),
('2019-10-19', 2, 'Trapano', 14, 32),
('2020-06-22', 2, 'Trapano', 14, 4),
('2020-07-14', 2, 'FresaturaCO', 7, 15),
('2021-09-26', 7, 'Aggiustaggio', 12, 28),
('2021-02-19', 1, 'FresaturaCO', 9, 19),
('2019-11-24', 1, 'FresaturaCO', 8, 18),
('2019-09-09', 6, 'FresaturaCO', 7, 25),
('2019-08-05', 6, 'Progettazione', 2, 47),
('2021-02-01', 1, 'FresaturaCO', 8, 11),
('2020-07-01', 3, 'FresaturaSO', 6, 34),
('2020-07-12', 2, 'Progettazione', 2, 15),
('2019-04-12', 6, 'Progettazione', 1, 13),
('2021-12-22', 3, 'Trapano', 11, 38),
('2019-09-15', 1, 'Trapano', 10, 32),
('2019-04-16', 2, 'Aggiustaggio', 11, 13),
('2020-10-29', 2, 'FresaturaSO', 9, 7),
('2020-12-30', 4, 'Aggiustaggio', 15, 42),
('2021-05-02', 7, 'Progettazione', 1, 45),
('2020-12-08', 3, 'Aggiustaggio', 12, 43),
('2021-05-28', 5, 'Trapano', 11, 33),
('2020-03-18', 5, 'FresaturaSO', 8, 48),
('2021-05-01', 5, 'FresaturaSO', 8, 45),
('2020-11-12', 7, 'Trapano', 14, 50),
('2021-09-02', 1, 'Trapano', 11, 26),
('2021-01-09', 5, 'FresaturaSO', 6, 42),
('2020-05-04', 4, 'FresaturaCO', 5, 27),
('2021-02-09', 2, 'Trapano', 15, 46),
('2020-07-09', 3, 'FresaturaCO', 5, 4),
('2021-09-30', 5, 'Aggiustaggio', 12, 3),
('2019-07-12', 6, 'Aggiustaggio', 14, 29),
('2021-10-24', 6, 'Aggiustaggio', 12, 16),
('2021-09-28', 3, 'Progettazione', 1, 28),
('2021-11-25', 5, 'FresaturaCO', 6, 41),
('2021-11-23', 6, 'FresaturaCO', 9, 41),
('2019-06-26', 7, 'FresaturaSO', 7, 40),
('2019-10-03', 2, 'Aggiustaggio', 13, 25),
('2020-03-27', 5, 'FresaturaCO', 9, 48),
('2020-09-03', 3, 'FresaturaCO', 7, 6),
('2020-01-15', 1, 'FresaturaSO', 8, 17),
('2020-06-28', 4, 'Aggiustaggio', 11, 34),
('2020-03-22', 1, 'Aggiustaggio', 11, 48),
('2020-02-03', 7, 'Progettazione', 2, 17),
('2019-07-31', 7, 'FresaturaCO', 7, 29),
('2020-09-06', 2, 'Trapano', 12, 6),
('2020-08-11', 4, 'FresaturaCO', 6, 15),
('2020-06-15', 2, 'FresaturaCO', 6, 4),
('2020-10-28', 5, 'Progettazione', 1, 7),
('2019-03-26', 7, 'Progettazione', 2, 13),
('2020-03-28', 5, 'Trapano', 15, 48),
('2019-10-27', 1, 'Progettazione', 3, 12),
('2020-07-31', 4, 'Progettazione', 1, 34),
('2019-09-18', 3, 'Aggiustaggio', 10, 25),
('2020-07-23', 3, 'FresaturaSO', 9, 1),
('2019-01-24', 1, 'Progettazione', 1, 5),
('2019-12-04', 5, 'Trapano', 15, 21),
('2020-08-27', 6, 'Aggiustaggio', 11, 14),
('2019-09-23', 5, 'Trapano', 15, 32),
('2020-06-24', 6, 'Aggiustaggio', 13, 49),
('2020-07-09', 5, 'FresaturaCO', 6, 4),
('2020-10-25', 6, 'Progettazione', 2, 43),
('2020-08-30', 4, 'Aggiustaggio', 10, 6),
('2019-06-16', 2, 'FresaturaCO', 9, 44),
('2021-09-17', 5, 'Trapano', 13, 28),
('2020-06-02', 2, 'Progettazione', 4, 8),
('2021-11-26', 2, 'FresaturaSO', 5, 20),
('2019-08-13', 3, 'Progettazione', 1, 47),
('2021-08-28', 2, 'Aggiustaggio', 12, 26),
('2020-08-07', 1, 'Aggiustaggio', 14, 15),
('2019-11-18', 7, 'FresaturaSO', 7, 18),
('2020-10-29', 2, 'Trapano', 12, 2),
('2021-01-02', 3, 'FresaturaCO', 8, 42),
('2019-09-15', 4, 'FresaturaSO', 5, 25),
('2019-10-20', 6, 'FresaturaSO', 5, 32),
('2019-01-23', 1, 'FresaturaCO', 5, 5),
('2019-07-01', 1, 'Aggiustaggio', 10, 10),
('2021-02-10', 2, 'Progettazione', 4, 19),
('2019-01-29', 1, 'FresaturaSO', 8, 5),
('2019-11-11', 6, 'FresaturaCO', 9, 12),
('2020-11-07', 5, 'Aggiustaggio', 10, 50),
('2020-01-05', 7, 'FresaturaCO', 6, 24),
('2019-07-08', 3, 'Trapano', 13, 30),
('2019-12-25', 4, 'Trapano', 14, 21),
('2020-06-20', 1, 'Trapano', 10, 4),
('2021-11-20', 3, 'FresaturaSO', 7, 16),
('2021-10-06', 4, 'Progettazione', 3, 28),
('2020-04-06', 3, 'Trapano', 15, 9),
('2022-01-01', 4, 'Aggiustaggio', 13, 20),
('2020-08-28', 1, 'FresaturaSO', 5, 14),
('2021-06-15', 7, 'FresaturaSO', 6, 23),
('2021-03-12', 3, 'Aggiustaggio', 12, 19),
('2020-09-02', 5, 'FresaturaSO', 7, 14),
('2020-04-03', 1, 'Progettazione', 2, 9),
('2020-05-06', 7, 'FresaturaCO', 7, 49),
('2021-05-08', 6, 'Aggiustaggio', 15, 33),
('2019-07-08', 7, 'Trapano', 15, 30),
('2019-03-12', 7, 'Trapano', 15, 13),
('2019-08-10', 3, 'Trapano', 13, 39),
('2019-07-23', 5, 'Trapano', 10, 29),
('2019-03-24', 1, 'FresaturaCO', 7, 35),
('2021-02-17', 1, 'FresaturaCO', 6, 11),
('2021-02-24', 3, 'FresaturaCO', 6, 19),
('2020-07-05', 3, 'Aggiustaggio', 12, 15),
('2020-01-09', 4, 'Aggiustaggio', 14, 17),
('2020-10-13', 5, 'Aggiustaggio', 15, 2),
('2019-10-02', 3, 'FresaturaSO', 7, 12),
('2020-01-17', 1, 'FresaturaSO', 9, 31),
('2020-09-20', 6, 'Aggiustaggio', 15, 6),
('2020-02-23', 4, 'FresaturaCO', 5, 9),
('2021-05-07', 1, 'Aggiustaggio', 14, 33),
('2021-05-07', 1, 'Trapano', 13, 33),
('2020-11-25', 5, 'Progettazione', 1, 50),
('2021-05-16', 6, 'FresaturaCO', 7, 33),
('2021-05-12', 6, 'FresaturaCO', 9, 33),
('2021-03-11', 6, 'Trapano', 13, 19),
('2019-09-26', 7, 'Progettazione', 3, 32),
('2019-12-21', 4, 'FresaturaSO', 7, 24),
('2019-07-12', 3, 'Trapano', 11, 47),
('2020-10-17', 6, 'Progettazione', 4, 36),
('2020-08-29', 2, 'Trapano', 11, 14),
('2020-01-20', 7, 'FresaturaSO', 5, 21),
('2021-10-14', 2, 'FresaturaSO', 6, 3),
('2021-09-07', 2, 'Trapano', 15, 26),
('2021-11-28', 2, 'FresaturaCO', 9, 20),
('2019-07-20', 6, 'Trapano', 15, 30),
('2020-10-28', 7, 'FresaturaCO', 7, 50),
('2020-10-09', 2, 'FresaturaSO', 5, 2),
('2021-05-25', 7, 'Trapano', 14, 33),
('2019-08-19', 6, 'Aggiustaggio', 11, 29),
('2020-07-11', 2, 'FresaturaSO', 5, 4),
('2020-01-21', 2, 'Aggiustaggio', 11, 31),
('2019-04-06', 6, 'FresaturaSO', 5, 13),
('2019-12-25', 6, 'FresaturaCO', 7, 24),
('2020-07-03', 2, 'Progettazione', 4, 1),
('2020-12-20', 6, 'Trapano', 10, 37),
('2021-02-17', 4, 'Trapano', 11, 46),
('2020-06-06', 5, 'Aggiustaggio', 10, 8),
('2020-03-04', 4, 'FresaturaSO', 5, 48),
('2021-01-19', 7, 'Trapano', 14, 42),
('2020-07-26', 2, 'FresaturaCO', 8, 1),
('2021-01-24', 6, 'FresaturaSO', 7, 42),
('2019-11-15', 4, 'FresaturaCO', 5, 12),
('2021-12-28', 1, 'Aggiustaggio', 12, 20),
('2019-04-24', 3, 'Trapano', 10, 13),
('2020-12-05', 1, 'Progettazione', 4, 43),
('2021-06-12', 1, 'FresaturaCO', 7, 33),
('2021-09-07', 3, 'Aggiustaggio', 13, 3),
('2021-02-13', 1, 'Trapano', 10, 19),
('2020-11-29', 3, 'Trapano', 12, 50),
('2021-05-14', 5, 'Progettazione', 3, 33),
('2021-09-05', 4, 'FresaturaSO', 5, 26),
('2021-09-04', 6, 'Progettazione', 4, 28),
('2019-03-11', 7, 'FresaturaSO', 6, 35),
('2021-09-10', 1, 'Progettazione', 3, 26),
('2020-03-30', 2, 'Progettazione', 3, 9),
('2020-10-19', 7, 'FresaturaSO', 7, 2),
('2020-09-16', 5, 'FresaturaSO', 6, 6),
('2019-10-21', 3, 'FresaturaCO', 6, 32),
('2021-06-09', 2, 'Aggiustaggio', 10, 23),
('2020-05-21', 3, 'Aggiustaggio', 11, 27),
('2019-07-17', 7, 'Aggiustaggio', 11, 44),
('2020-07-25', 7, 'FresaturaSO', 5, 1),
('2021-08-23', 1, 'Aggiustaggio', 13, 28),
('2021-11-14', 7, 'Aggiustaggio', 10, 41),
('2020-11-24', 6, 'Trapano', 13, 43),
('2020-06-23', 7, 'FresaturaSO', 5, 8),
('2020-03-19', 3, 'Aggiustaggio', 13, 9),
('2020-01-21', 4, 'FresaturaCO', 5, 17),
('2020-01-07', 2, 'Aggiustaggio', 13, 24),
('2021-05-14', 3, 'Progettazione', 4, 33),
('2021-05-24', 1, 'Progettazione', 1, 33),
('2020-05-10', 6, 'Aggiustaggio', 12, 22),
('2020-08-19', 1, 'Aggiustaggio', 14, 6),
('2020-08-18', 6, 'Trapano', 14, 14),
('2020-06-15', 6, 'FresaturaSO', 5, 4),
('2021-06-19', 6, 'Trapano', 10, 33),
('2020-11-17', 4, 'FresaturaSO', 7, 50),
('2020-06-14', 2, 'Trapano', 14, 4),
('2020-02-12', 6, 'Aggiustaggio', 15, 9),
('2019-06-24', 7, 'FresaturaSO', 9, 40),
('2019-07-27', 1, 'FresaturaSO', 9, 29),
('2021-01-28', 2, 'FresaturaCO', 9, 11),
('2020-10-15', 3, 'Aggiustaggio', 11, 7),
('2019-01-20', 4, 'Progettazione', 3, 5),
('2020-07-07', 3, 'FresaturaCO', 8, 1),
('2019-09-07', 7, 'Trapano', 11, 25),
('2020-04-23', 3, 'FresaturaCO', 5, 27),
('2019-06-21', 7, 'FresaturaSO', 8, 40),
('2019-12-20', 7, 'FresaturaSO', 9, 24),
('2020-11-19', 7, 'FresaturaCO', 5, 50),
('2019-09-27', 7, 'FresaturaCO', 5, 12),
('2019-11-22', 3, 'Trapano', 11, 18),
('2021-01-30', 5, 'Aggiustaggio', 12, 11),
('2020-02-09', 1, 'Trapano', 13, 31),
('2021-02-08', 7, 'FresaturaCO', 7, 11),
('2020-11-22', 4, 'Aggiustaggio', 13, 50),
('2019-03-14', 5, 'FresaturaCO', 5, 13),
('2019-08-08', 7, 'FresaturaCO', 7, 29),
('2021-09-10', 1, 'FresaturaSO', 9, 28),
('2019-10-03', 4, 'Trapano', 15, 32),
('2021-08-23', 4, 'Aggiustaggio', 15, 26),
('2021-01-19', 2, 'Trapano', 11, 46),
('2019-03-15', 5, 'Trapano', 11, 13),
('2020-11-01', 4, 'Progettazione', 1, 7),
('2021-12-08', 6, 'FresaturaSO', 6, 41),
('2021-12-04', 3, 'FresaturaCO', 6, 41),
('2021-06-15', 1, 'FresaturaCO', 7, 33),
('2019-04-19', 1, 'FresaturaCO', 6, 13),
('2020-08-26', 1, 'FresaturaSO', 7, 6),
('2020-08-19', 5, 'FresaturaSO', 5, 14),
('2021-03-12', 2, 'FresaturaCO', 5, 19),
('2021-04-19', 5, 'FresaturaSO', 8, 45),
('2020-06-27', 1, 'Progettazione', 4, 34),
('2020-07-30', 7, 'FresaturaCO', 5, 34),
('2020-11-04', 1, 'FresaturaCO', 5, 36),
('2019-07-24', 5, 'FresaturaCO', 8, 40),
('2019-11-12', 2, 'Trapano', 15, 18),
('2019-08-03', 1, 'Progettazione', 4, 47),
('2019-07-22', 6, 'Progettazione', 2, 47),
('2019-03-16', 4, 'Progettazione', 3, 13),
('2019-07-15', 4, 'Progettazione', 3, 30),
('2020-08-29', 2, 'FresaturaSO', 5, 6),
('2020-10-28', 1, 'Trapano', 10, 36),
('2020-10-27', 4, 'Trapano', 11, 2),
('2021-02-15', 1, 'Progettazione', 4, 46),
('2021-12-03', 5, 'Aggiustaggio', 12, 20),
('2021-10-27', 1, 'Aggiustaggio', 10, 16),
('2020-06-04', 3, 'Aggiustaggio', 10, 49),
('2019-08-20', 4, 'FresaturaSO', 8, 47),
('2020-08-04', 5, 'FresaturaSO', 8, 15),
('2020-05-22', 2, 'FresaturaSO', 6, 49),
('2020-09-11', 2, 'Aggiustaggio', 15, 14),
('2019-10-13', 4, 'FresaturaCO', 9, 32),
('2020-10-24', 1, 'FresaturaSO', 7, 2),
('2020-10-20', 7, 'Aggiustaggio', 13, 7),
('2022-01-20', 2, 'Progettazione', 3, 38),
('2020-05-05', 3, 'Progettazione', 2, 27),
('2020-05-10', 7, 'Aggiustaggio', 15, 27),
('2020-06-15', 2, 'Trapano', 12, 49),
('2020-11-29', 2, 'FresaturaSO', 5, 50),
('2021-09-18', 1, 'Progettazione', 1, 26),
('2020-05-05', 7, 'Aggiustaggio', 15, 22),
('2020-07-04', 6, 'Progettazione', 3, 34),
('2020-10-03', 5, 'Aggiustaggio', 13, 7),
('2020-02-25', 4, 'Progettazione', 2, 9),
('2020-05-12', 4, 'FresaturaSO', 5, 22),
('2020-05-14', 1, 'FresaturaCO', 9, 49),
('2020-04-07', 3, 'FresaturaCO', 9, 9),
('2021-06-12', 2, 'FresaturaSO', 8, 23),
('2020-01-18', 4, 'Trapano', 15, 17),
('2020-08-26', 6, 'FresaturaCO', 6, 6),
('2019-11-25', 6, 'FresaturaCO', 5, 24),
('2021-02-07', 6, 'FresaturaSO', 6, 11),
('2020-03-21', 4, 'Progettazione', 3, 9),
('2020-05-26', 6, 'Progettazione', 3, 27),
('2021-09-02', 4, 'FresaturaCO', 8, 28),
('2019-08-16', 5, 'FresaturaSO', 7, 47),
('2019-07-24', 7, 'Aggiustaggio', 12, 40),
('2020-05-10', 1, 'Aggiustaggio', 13, 22),
('2020-05-08', 5, 'FresaturaSO', 7, 22),
('2021-10-12', 4, 'Trapano', 10, 3),
('2020-10-07', 4, 'Progettazione', 3, 36),
('2019-07-27', 5, 'FresaturaCO', 9, 40),
('2020-09-24', 2, 'Aggiustaggio', 13, 6),
('2020-09-15', 7, 'FresaturaSO', 7, 6),
('2021-05-08', 6, 'Progettazione', 1, 33),
('2021-01-15', 2, 'FresaturaCO', 7, 46),
('2020-02-07', 2, 'Progettazione', 4, 17),
('2020-07-21', 3, 'FresaturaSO', 5, 15),
('2020-11-04', 6, 'Trapano', 10, 36),
('2019-10-20', 7, 'FresaturaCO', 5, 32),
('2021-01-26', 3, 'Trapano', 11, 11),
('2019-08-18', 7, 'FresaturaCO', 9, 47),
('2020-10-25', 7, 'Progettazione', 1, 43),
('2019-08-05', 5, 'Progettazione', 2, 29),
('2020-11-07', 7, 'FresaturaCO', 7, 36),
('2019-07-04', 6, 'Progettazione', 3, 10),
('2021-01-23', 1, 'FresaturaSO', 8, 46),
('2019-06-25', 3, 'Trapano', 10, 40),
('2021-09-14', 5, 'Aggiustaggio', 15, 26),
('2020-08-30', 7, 'FresaturaCO', 6, 6),
('2021-09-09', 5, 'FresaturaSO', 6, 28),
('2019-10-04', 6, 'Progettazione', 4, 12),
('2021-01-18', 5, 'FresaturaSO', 5, 46),
('2020-03-06', 5, 'Progettazione', 1, 9),
('2022-01-01', 6, 'Progettazione', 1, 20),
('2020-11-20', 7, 'Trapano', 10, 43),
('2020-05-25', 1, 'FresaturaSO', 9, 27),
('2020-11-11', 3, 'FresaturaCO', 7, 36),
('2020-07-19', 6, 'Progettazione', 3, 1),
('2021-11-22', 1, 'Trapano', 14, 20),
('2019-08-06', 1, 'Progettazione', 2, 29),
('2019-12-01', 5, 'FresaturaSO', 6, 24),
('2021-05-29', 3, 'Progettazione', 4, 23),
('2020-07-13', 2, 'FresaturaSO', 8, 4),
('2020-01-05', 6, 'Trapano', 12, 21),
('2020-04-14', 5, 'Aggiustaggio', 10, 48),
('2021-01-01', 7, 'Aggiustaggio', 11, 37),
('2020-05-29', 7, 'Progettazione', 2, 27),
('2021-03-11', 4, 'Trapano', 10, 19),
('2020-07-10', 1, 'Trapano', 14, 1),
('2021-11-09', 2, 'FresaturaCO', 9, 41),
('2020-06-16', 3, 'Progettazione', 4, 8),
('2021-10-09', 7, 'FresaturaCO', 7, 3);
INSERT INTO `svolgimento` (`Data`, `OreLavorate`, `NomeAttivita`, `IDdipendente`, `IDprodotto`) VALUES
('2021-02-18', 3, 'FresaturaSO', 5, 11),
('2020-06-24', 6, 'Aggiustaggio', 11, 4),
('2021-11-22', 6, 'Aggiustaggio', 13, 16),
('2020-07-06', 6, 'FresaturaSO', 5, 4),
('2021-09-03', 5, 'Progettazione', 3, 26),
('2020-09-21', 4, 'Trapano', 11, 6),
('2020-05-05', 5, 'Trapano', 12, 27),
('2020-06-20', 4, 'Progettazione', 4, 4),
('2020-11-05', 3, 'Trapano', 10, 43),
('2021-12-26', 5, 'Trapano', 10, 20),
('2019-06-18', 4, 'FresaturaSO', 7, 10),
('2022-01-13', 6, 'Progettazione', 1, 38),
('2019-08-17', 3, 'Aggiustaggio', 12, 29),
('2020-04-05', 6, 'Progettazione', 1, 9),
('2020-04-28', 1, 'Trapano', 15, 27),
('2022-01-25', 3, 'Aggiustaggio', 12, 38),
('2020-12-28', 3, 'Progettazione', 2, 42),
('2021-12-18', 2, 'FresaturaSO', 8, 41),
('2020-10-30', 1, 'FresaturaCO', 9, 36),
('2021-09-15', 2, 'Progettazione', 4, 3),
('2019-06-28', 6, 'Aggiustaggio', 13, 10),
('2021-09-08', 7, 'Aggiustaggio', 11, 3),
('2019-04-07', 4, 'FresaturaSO', 9, 13),
('2021-11-20', 5, 'Trapano', 12, 41),
('2019-07-31', 6, 'Trapano', 14, 44),
('2019-09-12', 5, 'Trapano', 13, 25),
('2019-01-09', 2, 'Trapano', 11, 5),
('2019-04-23', 4, 'Trapano', 12, 35),
('2020-10-20', 7, 'FresaturaSO', 6, 2),
('2020-04-29', 1, 'Progettazione', 3, 27),
('2021-11-30', 3, 'FresaturaSO', 8, 41),
('2021-12-01', 1, 'Aggiustaggio', 15, 41),
('2021-01-31', 2, 'Progettazione', 1, 42),
('2021-11-01', 7, 'Trapano', 10, 16),
('2019-07-11', 1, 'FresaturaCO', 9, 30),
('2020-10-06', 6, 'Aggiustaggio', 11, 2),
('2020-03-23', 5, 'Trapano', 10, 48),
('2021-12-11', 5, 'FresaturaSO', 5, 41),
('2019-07-30', 7, 'Aggiustaggio', 13, 47),
('2020-11-07', 3, 'Trapano', 15, 50),
('2020-05-04', 2, 'FresaturaCO', 7, 22),
('2020-07-14', 2, 'FresaturaCO', 5, 1),
('2021-10-16', 2, 'Trapano', 10, 3),
('2020-04-25', 1, 'Aggiustaggio', 14, 27),
('2020-11-03', 2, 'Trapano', 14, 7),
('2020-10-11', 6, 'FresaturaCO', 8, 2),
('2019-06-20', 2, 'Progettazione', 4, 30),
('2019-07-16', 7, 'FresaturaSO', 6, 44),
('2019-02-05', 6, 'Progettazione', 3, 5),
('2019-09-01', 7, 'FresaturaSO', 5, 39),
('2019-01-27', 3, 'Aggiustaggio', 11, 5),
('2021-01-19', 1, 'FresaturaCO', 6, 42),
('2019-03-31', 3, 'Trapano', 12, 13),
('2019-10-17', 2, 'Trapano', 13, 12),
('2021-11-30', 5, 'FresaturaCO', 8, 20),
('2019-12-04', 2, 'Progettazione', 2, 24),
('2020-12-02', 5, 'Progettazione', 1, 37),
('2020-02-12', 3, 'Aggiustaggio', 10, 31),
('2020-07-18', 3, 'Progettazione', 2, 1),
('2020-07-15', 3, 'FresaturaCO', 8, 15),
('2020-04-11', 3, 'Aggiustaggio', 15, 48),
('2020-09-10', 5, 'FresaturaSO', 7, 14),
('2021-05-02', 5, 'Aggiustaggio', 13, 45),
('2021-09-20', 7, 'FresaturaCO', 8, 28),
('2020-06-24', 1, 'Aggiustaggio', 11, 49),
('2020-07-03', 6, 'Progettazione', 4, 34),
('2022-01-02', 1, 'Trapano', 10, 38),
('2021-02-11', 1, 'FresaturaSO', 9, 11),
('2021-08-20', 2, 'Aggiustaggio', 14, 26),
('2019-08-25', 7, 'Aggiustaggio', 15, 47),
('2019-08-14', 6, 'Trapano', 12, 47),
('2021-10-05', 2, 'FresaturaCO', 6, 28),
('2020-02-17', 7, 'Progettazione', 4, 31),
('2020-10-05', 2, 'Aggiustaggio', 13, 7),
('2020-07-08', 4, 'Aggiustaggio', 15, 1),
('2020-10-30', 4, 'Progettazione', 2, 7),
('2020-06-29', 6, 'Progettazione', 2, 1),
('2020-10-14', 4, 'FresaturaSO', 6, 2),
('2021-09-22', 1, 'FresaturaCO', 5, 26),
('2020-07-17', 3, 'Aggiustaggio', 13, 15),
('2019-10-06', 7, 'Trapano', 11, 12),
('2019-06-11', 4, 'FresaturaCO', 8, 30),
('2021-05-18', 5, 'Aggiustaggio', 11, 33),
('2021-11-13', 5, 'FresaturaSO', 5, 16),
('2020-05-27', 5, 'Aggiustaggio', 14, 8),
('2020-11-02', 2, 'FresaturaSO', 6, 7),
('2020-02-07', 7, 'Trapano', 15, 31),
('2019-06-27', 5, 'Progettazione', 2, 44),
('2021-06-15', 4, 'FresaturaCO', 8, 23),
('2022-02-08', 6, 'FresaturaSO', 8, 38),
('2021-09-15', 7, 'FresaturaSO', 5, 28),
('2020-06-05', 4, 'FresaturaSO', 7, 49),
('2020-11-04', 7, 'FresaturaSO', 5, 36),
('2020-05-26', 7, 'Trapano', 10, 49),
('2019-08-08', 7, 'Aggiustaggio', 10, 39),
('2020-03-19', 1, 'Aggiustaggio', 10, 48),
('2020-08-05', 5, 'Trapano', 11, 34),
('2019-07-23', 4, 'FresaturaSO', 7, 40),
('2019-07-23', 1, 'Aggiustaggio', 11, 30),
('2020-06-28', 4, 'Aggiustaggio', 12, 1),
('2020-09-15', 7, 'Aggiustaggio', 15, 6),
('2020-12-16', 6, 'FresaturaCO', 5, 42),
('2019-04-29', 4, 'FresaturaSO', 6, 13),
('2021-08-29', 7, 'Trapano', 11, 26),
('2020-10-21', 7, 'FresaturaCO', 7, 43),
('2021-12-05', 7, 'Progettazione', 2, 41),
('2020-12-04', 5, 'Aggiustaggio', 13, 43),
('2019-07-16', 3, 'Trapano', 12, 47),
('2021-01-19', 1, 'FresaturaSO', 8, 11),
('2020-07-25', 7, 'Aggiustaggio', 10, 1),
('2019-06-06', 6, 'Aggiustaggio', 10, 30),
('2021-12-14', 7, 'Progettazione', 1, 41),
('2021-12-07', 4, 'Progettazione', 2, 41),
('2020-12-31', 1, 'Trapano', 11, 37),
('2021-09-13', 2, 'Progettazione', 2, 3),
('2020-02-08', 4, 'Progettazione', 4, 17),
('2021-02-03', 1, 'Progettazione', 3, 42),
('2019-12-24', 6, 'FresaturaSO', 8, 24),
('2020-07-14', 2, 'FresaturaSO', 7, 34),
('2019-09-16', 3, 'FresaturaCO', 5, 25),
('2020-06-28', 5, 'Trapano', 14, 1),
('2020-06-12', 3, 'Progettazione', 1, 22),
('2021-10-29', 5, 'Progettazione', 2, 3),
('2019-08-25', 3, 'Progettazione', 4, 47),
('2019-12-16', 7, 'FresaturaSO', 7, 24),
('2021-01-15', 2, 'Aggiustaggio', 10, 11),
('2021-03-12', 2, 'Trapano', 15, 19),
('2020-05-31', 3, 'FresaturaSO', 5, 4),
('2021-06-01', 2, 'FresaturaSO', 7, 33),
('2019-11-29', 6, 'Trapano', 11, 24),
('2019-11-06', 4, 'Aggiustaggio', 11, 18),
('2020-11-24', 5, 'Aggiustaggio', 13, 37),
('2021-05-29', 2, 'Trapano', 15, 23),
('2019-12-05', 5, 'FresaturaSO', 7, 24),
('2019-06-21', 4, 'Progettazione', 4, 44),
('2020-08-18', 2, 'FresaturaSO', 8, 6),
('2019-08-12', 6, 'Aggiustaggio', 15, 29),
('2020-10-30', 4, 'Progettazione', 4, 36),
('2020-10-12', 7, 'Trapano', 15, 2),
('2021-05-09', 5, 'FresaturaSO', 7, 33),
('2019-12-08', 2, 'FresaturaCO', 5, 21),
('2020-02-15', 6, 'FresaturaSO', 7, 31),
('2021-01-15', 3, 'Progettazione', 4, 46),
('2020-05-08', 4, 'Progettazione', 3, 22),
('2019-12-13', 2, 'Trapano', 13, 24),
('2019-07-13', 4, 'Progettazione', 2, 44),
('2020-05-23', 7, 'Trapano', 11, 27),
('2020-06-28', 2, 'FresaturaSO', 8, 49),
('2020-02-20', 3, 'Progettazione', 4, 31),
('2019-06-19', 1, 'Aggiustaggio', 10, 40),
('2021-12-16', 6, 'Progettazione', 1, 20),
('2019-07-01', 2, 'Aggiustaggio', 14, 30),
('2021-01-31', 1, 'Trapano', 13, 11),
('2019-11-11', 2, 'Progettazione', 1, 18),
('2020-12-06', 6, 'FresaturaCO', 6, 43),
('2019-12-10', 1, 'FresaturaSO', 9, 18),
('2020-09-24', 4, 'Trapano', 11, 6),
('2021-05-11', 2, 'FresaturaSO', 5, 33),
('2020-10-07', 2, 'FresaturaSO', 8, 2),
('2021-09-01', 2, 'Aggiustaggio', 12, 26),
('2020-07-05', 2, 'FresaturaCO', 8, 4),
('2021-06-17', 1, 'Aggiustaggio', 12, 23),
('2020-02-16', 3, 'Aggiustaggio', 15, 31),
('2020-07-03', 6, 'FresaturaSO', 9, 1),
('2020-01-11', 2, 'FresaturaCO', 6, 31),
('2021-02-04', 4, 'Aggiustaggio', 13, 46),
('2020-06-15', 1, 'Aggiustaggio', 10, 8),
('2020-01-06', 2, 'FresaturaSO', 9, 24),
('2019-10-06', 6, 'Trapano', 15, 32),
('2019-06-14', 5, 'FresaturaSO', 9, 10),
('2020-09-05', 7, 'Progettazione', 4, 14),
('2019-10-12', 6, 'Progettazione', 4, 12),
('2021-11-23', 6, 'Aggiustaggio', 12, 16),
('2021-09-09', 7, 'FresaturaCO', 9, 28),
('2021-12-06', 1, 'FresaturaCO', 5, 16),
('2019-09-15', 6, 'Progettazione', 3, 25),
('2019-07-13', 3, 'FresaturaCO', 6, 29),
('2020-02-28', 2, 'Progettazione', 1, 48),
('2021-12-02', 3, 'Aggiustaggio', 15, 20),
('2020-09-08', 2, 'Trapano', 14, 6),
('2021-10-09', 4, 'Trapano', 13, 3),
('2020-06-22', 3, 'Progettazione', 2, 4),
('2019-06-29', 1, 'Trapano', 15, 30),
('2020-04-03', 6, 'FresaturaCO', 8, 9),
('2019-12-01', 2, 'FresaturaSO', 8, 24),
('2021-10-06', 7, 'Trapano', 15, 3),
('2021-09-22', 6, 'Trapano', 10, 3),
('2021-03-03', 6, 'FresaturaSO', 9, 19),
('2019-06-17', 1, 'Trapano', 11, 40),
('2020-07-25', 5, 'Aggiustaggio', 13, 1),
('2020-09-14', 2, 'FresaturaCO', 7, 14),
('2019-06-08', 1, 'Aggiustaggio', 10, 30),
('2019-09-09', 3, 'FresaturaCO', 8, 39),
('2019-12-09', 5, 'Aggiustaggio', 15, 24),
('2019-07-16', 2, 'Trapano', 11, 30),
('2021-02-24', 5, 'Progettazione', 4, 19),
('2019-02-18', 6, 'FresaturaCO', 7, 5),
('2021-02-19', 3, 'Aggiustaggio', 15, 11),
('2019-07-01', 2, 'FresaturaSO', 6, 40),
('2019-06-20', 6, 'FresaturaSO', 8, 40),
('2019-11-08', 2, 'Trapano', 11, 18),
('2020-03-16', 2, 'Progettazione', 2, 9),
('2020-04-23', 5, 'Aggiustaggio', 10, 27),
('2019-08-23', 5, 'FresaturaSO', 7, 39),
('2019-06-23', 7, 'Aggiustaggio', 12, 40),
('2021-01-24', 1, 'FresaturaCO', 7, 11),
('2021-02-14', 4, 'Progettazione', 1, 11),
('2021-09-19', 4, 'FresaturaSO', 9, 3),
('2020-05-11', 5, 'FresaturaSO', 9, 49),
('2019-07-14', 7, 'Aggiustaggio', 12, 29),
('2019-03-15', 6, 'FresaturaCO', 8, 35),
('2020-02-13', 2, 'Trapano', 11, 9),
('2022-01-03', 3, 'Aggiustaggio', 15, 38),
('2019-09-16', 6, 'Progettazione', 3, 25),
('2019-06-30', 6, 'FresaturaSO', 7, 40),
('2020-07-27', 7, 'Trapano', 13, 34),
('2019-07-02', 6, 'Progettazione', 3, 40),
('2021-05-28', 3, 'Aggiustaggio', 14, 45),
('2021-12-03', 2, 'FresaturaSO', 8, 20),
('2021-09-05', 2, 'FresaturaCO', 5, 26),
('2020-08-30', 6, 'Aggiustaggio', 13, 14),
('2021-09-23', 5, 'Progettazione', 1, 3),
('2019-12-10', 6, 'FresaturaSO', 8, 24),
('2019-03-17', 7, 'Trapano', 15, 13),
('2019-10-28', 3, 'Trapano', 13, 12),
('2020-10-29', 2, 'FresaturaSO', 6, 50),
('2020-10-27', 5, 'FresaturaSO', 8, 36),
('2021-05-11', 7, 'Progettazione', 4, 45),
('2020-10-24', 7, 'FresaturaSO', 8, 2),
('2019-11-06', 3, 'FresaturaCO', 8, 18),
('2019-04-01', 7, 'Aggiustaggio', 15, 35),
('2020-10-12', 6, 'Aggiustaggio', 13, 7),
('2020-12-15', 6, 'Progettazione', 4, 42),
('2020-07-23', 7, 'FresaturaCO', 7, 1),
('2019-09-06', 4, 'Progettazione', 4, 25),
('2019-12-03', 3, 'Aggiustaggio', 12, 24),
('2021-03-01', 2, 'Trapano', 11, 19),
('2019-09-14', 5, 'Trapano', 10, 25),
('2020-04-24', 1, 'Trapano', 13, 27),
('2021-11-10', 1, 'Progettazione', 4, 16),
('2019-09-25', 1, 'FresaturaSO', 5, 25),
('2019-10-05', 1, 'Progettazione', 4, 25),
('2019-05-08', 6, 'FresaturaSO', 8, 13),
('2020-07-20', 6, 'Progettazione', 3, 1),
('2020-03-21', 6, 'FresaturaCO', 9, 48),
('2019-02-01', 6, 'FresaturaSO', 5, 5),
('2021-04-23', 7, 'Progettazione', 2, 45),
('2020-09-09', 3, 'FresaturaSO', 7, 6),
('2020-11-21', 2, 'FresaturaSO', 6, 50),
('2019-08-11', 1, 'FresaturaSO', 9, 29),
('2020-01-15', 7, 'FresaturaCO', 9, 17),
('2021-12-01', 6, 'FresaturaCO', 6, 41),
('2019-08-17', 2, 'Trapano', 15, 47),
('2020-02-21', 2, 'Progettazione', 3, 31),
('2019-08-06', 5, 'Trapano', 10, 29),
('2020-02-05', 1, 'FresaturaSO', 5, 31),
('2019-09-12', 2, 'FresaturaCO', 5, 32),
('2021-09-30', 7, 'FresaturaCO', 9, 28),
('2020-11-21', 5, 'Progettazione', 3, 43),
('2021-08-24', 5, 'Progettazione', 4, 26),
('2021-11-11', 4, 'Trapano', 13, 41),
('2021-12-11', 5, 'Progettazione', 3, 20),
('2022-01-19', 2, 'Aggiustaggio', 12, 38),
('2021-05-25', 6, 'Aggiustaggio', 15, 23),
('2019-03-02', 4, 'FresaturaCO', 8, 35),
('2019-06-19', 5, 'FresaturaCO', 5, 40),
('2020-04-27', 2, 'Progettazione', 1, 27),
('2020-05-26', 6, 'FresaturaCO', 6, 8),
('2020-05-05', 5, 'Aggiustaggio', 15, 27),
('2019-09-08', 6, 'FresaturaCO', 5, 25),
('2019-07-16', 7, 'Progettazione', 1, 29),
('2019-09-04', 7, 'Trapano', 15, 39),
('2019-11-14', 4, 'FresaturaCO', 6, 18),
('2019-03-02', 7, 'FresaturaCO', 7, 35),
('2021-09-17', 2, 'FresaturaCO', 9, 3),
('2020-02-06', 7, 'FresaturaCO', 5, 31),
('2020-11-06', 6, 'FresaturaSO', 8, 50),
('2020-01-13', 5, 'Trapano', 10, 21),
('2019-06-30', 3, 'FresaturaSO', 5, 10),
('2020-06-16', 7, 'FresaturaSO', 8, 4),
('2019-08-31', 3, 'FresaturaSO', 5, 25),
('2019-07-08', 6, 'Aggiustaggio', 10, 40),
('2021-06-17', 3, 'Aggiustaggio', 15, 33),
('2020-05-26', 3, 'Progettazione', 4, 8),
('2021-11-14', 2, 'FresaturaCO', 7, 41),
('2021-05-06', 4, 'FresaturaCO', 9, 45),
('2020-02-21', 5, 'FresaturaSO', 9, 9),
('2020-07-05', 4, 'Trapano', 13, 34),
('2019-10-23', 4, 'Aggiustaggio', 13, 32),
('2020-11-04', 2, 'Progettazione', 1, 50),
('2019-11-14', 1, 'Aggiustaggio', 11, 18),
('2019-04-15', 1, 'FresaturaSO', 8, 13),
('2021-11-01', 1, 'Trapano', 11, 16),
('2020-01-13', 3, 'Progettazione', 4, 31),
('2021-05-09', 2, 'Aggiustaggio', 10, 33),
('2020-01-05', 6, 'Trapano', 12, 31),
('2021-06-15', 3, 'Aggiustaggio', 14, 23),
('2020-07-05', 2, 'FresaturaCO', 9, 4),
('2021-01-28', 6, 'Aggiustaggio', 13, 11),
('2021-09-20', 3, 'FresaturaSO', 7, 26),
('2020-01-07', 6, 'FresaturaSO', 8, 24),
('2021-09-09', 5, 'Trapano', 11, 3),
('2021-11-17', 1, 'Aggiustaggio', 15, 41),
('2020-04-28', 5, 'Aggiustaggio', 15, 27),
('2021-04-27', 4, 'Progettazione', 1, 45),
('2020-07-17', 1, 'Aggiustaggio', 10, 34),
('2021-05-22', 6, 'Progettazione', 2, 45),
('2019-11-30', 1, 'Aggiustaggio', 11, 18),
('2020-10-22', 7, 'Progettazione', 2, 7),
('2021-01-24', 4, 'FresaturaSO', 8, 11),
('2020-06-24', 7, 'FresaturaCO', 8, 34),
('2021-01-09', 3, 'FresaturaSO', 6, 42),
('2020-11-27', 3, 'FresaturaSO', 6, 37),
('2020-02-25', 4, 'FresaturaCO', 8, 9),
('2020-10-01', 2, 'Aggiustaggio', 12, 2),
('2020-10-25', 1, 'Aggiustaggio', 14, 36),
('2020-06-21', 1, 'Trapano', 10, 34),
('2021-05-15', 7, 'Progettazione', 1, 33),
('2020-11-08', 7, 'FresaturaSO', 9, 43),
('2020-07-25', 1, 'FresaturaCO', 7, 1),
('2021-11-05', 6, 'Aggiustaggio', 14, 16),
('2020-03-14', 3, 'FresaturaCO', 5, 9),
('2019-08-18', 6, 'FresaturaCO', 9, 39),
('2021-09-06', 6, 'Trapano', 10, 3),
('2019-11-17', 3, 'FresaturaSO', 8, 18),
('2020-06-07', 7, 'Aggiustaggio', 13, 49),
('2019-09-16', 6, 'Trapano', 12, 25),
('2019-07-16', 1, 'FresaturaCO', 9, 47),
('2020-01-06', 5, 'Aggiustaggio', 11, 17),
('2020-07-16', 7, 'Progettazione', 1, 15),
('2021-01-04', 5, 'Trapano', 12, 42),
('2020-05-20', 3, 'Progettazione', 4, 27),
('2020-03-20', 4, 'FresaturaSO', 5, 48),
('2019-08-31', 2, 'Progettazione', 3, 25),
('2021-12-31', 2, 'FresaturaSO', 5, 38),
('2019-11-30', 7, 'FresaturaSO', 9, 24),
('2019-03-28', 4, 'Trapano', 14, 13),
('2021-09-05', 4, 'Trapano', 14, 3),
('2021-01-23', 6, 'FresaturaCO', 5, 11),
('2019-03-02', 7, 'Trapano', 10, 35),
('2019-06-28', 3, 'FresaturaCO', 8, 40),
('2021-01-25', 4, 'Trapano', 12, 19),
('2019-12-09', 6, 'Aggiustaggio', 11, 21),
('2020-11-13', 5, 'FresaturaSO', 7, 7),
('2020-10-27', 3, 'FresaturaCO', 8, 50),
('2019-04-07', 4, 'FresaturaSO', 6, 13),
('2019-10-01', 7, 'Trapano', 13, 12),
('2019-07-21', 4, 'Trapano', 15, 29),
('2021-06-06', 2, 'FresaturaSO', 9, 23),
('2020-05-09', 2, 'Aggiustaggio', 14, 22),
('2020-02-24', 2, 'FresaturaSO', 6, 9),
('2021-09-14', 5, 'Progettazione', 1, 28),
('2020-05-05', 6, 'Aggiustaggio', 13, 27),
('2019-10-11', 4, 'Aggiustaggio', 10, 12),
('2020-01-20', 4, 'Progettazione', 4, 31),
('2020-08-27', 6, 'FresaturaSO', 9, 14),
('2019-08-19', 2, 'Progettazione', 3, 29),
('2019-06-20', 6, 'Trapano', 10, 40),
('2020-11-11', 5, 'Trapano', 13, 50),
('2019-07-10', 4, 'Trapano', 12, 40),
('2020-06-02', 4, 'FresaturaCO', 6, 22),
('2019-11-20', 2, 'Progettazione', 2, 18),
('2019-10-17', 3, 'Progettazione', 3, 32),
('2020-05-17', 7, 'Trapano', 12, 22),
('2021-09-14', 4, 'Progettazione', 1, 26),
('2019-07-03', 2, 'FresaturaSO', 5, 30),
('2020-11-17', 4, 'Progettazione', 4, 50),
('2020-10-03', 4, 'Progettazione', 1, 7),
('2020-12-03', 6, 'Aggiustaggio', 11, 43),
('2020-07-03', 6, 'FresaturaSO', 6, 1),
('2019-06-23', 1, 'Trapano', 13, 44),
('2021-01-30', 7, 'Trapano', 15, 46),
('2020-07-30', 6, 'Progettazione', 2, 34),
('2019-07-10', 2, 'Progettazione', 3, 40),
('2021-09-24', 3, 'Progettazione', 3, 3),
('2020-09-03', 4, 'FresaturaCO', 7, 6),
('2021-09-25', 1, 'Trapano', 14, 26),
('2021-11-21', 7, 'Aggiustaggio', 13, 41),
('2020-01-26', 3, 'FresaturaSO', 6, 17),
('2020-11-02', 6, 'FresaturaSO', 7, 50),
('2021-10-25', 4, 'Trapano', 13, 16),
('2021-02-11', 7, 'Aggiustaggio', 13, 19),
('2019-01-31', 7, 'Aggiustaggio', 12, 5),
('2020-07-06', 7, 'Progettazione', 3, 34),
('2020-11-26', 2, 'FresaturaCO', 6, 50),
('2020-07-11', 1, 'Trapano', 12, 1),
('2020-07-13', 7, 'FresaturaSO', 6, 4),
('2019-10-04', 6, 'Aggiustaggio', 11, 25),
('2020-07-17', 1, 'FresaturaSO', 5, 1),
('2019-02-15', 1, 'Progettazione', 1, 5),
('2020-11-21', 5, 'Aggiustaggio', 13, 50),
('2020-08-30', 6, 'FresaturaSO', 8, 6),
('2020-03-07', 3, 'Trapano', 11, 9),
('2020-07-24', 7, 'FresaturaSO', 7, 1),
('2020-01-04', 4, 'Aggiustaggio', 14, 17),
('2020-06-29', 6, 'Trapano', 13, 49),
('2020-04-10', 7, 'FresaturaSO', 8, 48),
('2019-12-28', 1, 'FresaturaSO', 7, 21),
('2020-06-16', 4, 'FresaturaSO', 6, 4),
('2020-09-03', 2, 'Progettazione', 4, 6),
('2019-12-29', 7, 'FresaturaCO', 8, 24),
('2020-11-10', 4, 'FresaturaCO', 5, 43),
('2021-11-07', 7, 'Aggiustaggio', 10, 41),
('2020-03-03', 5, 'FresaturaCO', 9, 48),
('2019-09-21', 1, 'Aggiustaggio', 15, 32),
('2020-03-26', 6, 'FresaturaCO', 9, 48),
('2020-06-26', 2, 'Progettazione', 3, 8),
('2019-11-23', 7, 'Trapano', 11, 18),
('2020-07-26', 5, 'FresaturaCO', 8, 34),
('2020-04-25', 2, 'Progettazione', 1, 27),
('2020-09-03', 4, 'Aggiustaggio', 15, 14),
('2019-11-04', 4, 'Aggiustaggio', 10, 12),
('2020-03-01', 6, 'Aggiustaggio', 12, 48),
('2020-08-15', 7, 'Aggiustaggio', 12, 14),
('2019-06-30', 1, 'FresaturaCO', 6, 44),
('2019-02-22', 6, 'Trapano', 12, 5),
('2020-11-20', 6, 'Progettazione', 2, 43),
('2021-09-02', 1, 'FresaturaCO', 6, 3),
('2021-05-09', 3, 'Aggiustaggio', 13, 45),
('2019-03-13', 7, 'Trapano', 12, 35),
('2021-05-10', 5, 'Aggiustaggio', 15, 23),
('2020-07-02', 4, 'Aggiustaggio', 14, 49),
('2019-02-04', 2, 'Progettazione', 4, 5),
('2020-11-21', 5, 'Aggiustaggio', 15, 50),
('2019-07-11', 6, 'Trapano', 12, 10),
('2020-05-17', 7, 'Progettazione', 1, 22),
('2019-11-12', 4, 'Progettazione', 1, 18),
('2020-09-26', 7, 'Aggiustaggio', 11, 2),
('2019-09-09', 6, 'Progettazione', 4, 32),
('2021-02-25', 2, 'Progettazione', 2, 46),
('2020-05-02', 2, 'FresaturaSO', 7, 27),
('2021-03-04', 2, 'FresaturaCO', 5, 19),
('2020-07-10', 1, 'Trapano', 12, 4),
('2020-02-19', 6, 'Progettazione', 3, 9),
('2019-09-03', 1, 'Progettazione', 4, 39),
('2020-09-14', 3, 'FresaturaSO', 5, 14),
('2020-01-20', 3, 'Progettazione', 4, 31),
('2019-10-06', 4, 'Aggiustaggio', 11, 32),
('2020-07-14', 4, 'Trapano', 14, 15),
('2020-07-18', 5, 'FresaturaSO', 8, 1),
('2019-03-15', 4, 'FresaturaSO', 5, 35),
('2020-11-16', 2, 'Progettazione', 4, 50),
('2019-07-16', 3, 'Aggiustaggio', 14, 47),
('2021-05-19', 6, 'FresaturaSO', 5, 23),
('2021-12-15', 2, 'FresaturaCO', 9, 20),
('2019-08-26', 1, 'FresaturaSO', 8, 47),
('2020-11-23', 7, 'Progettazione', 3, 43),
('2020-09-17', 7, 'Aggiustaggio', 13, 6),
('2020-09-10', 3, 'FresaturaCO', 5, 14),
('2020-02-02', 2, 'Aggiustaggio', 15, 17),
('2021-10-28', 1, 'Trapano', 11, 16),
('2019-02-08', 6, 'FresaturaCO', 7, 5),
('2020-01-11', 2, 'FresaturaCO', 7, 21),
('2021-02-14', 5, 'Aggiustaggio', 10, 46),
('2020-06-14', 2, 'Trapano', 15, 4),
('2019-09-30', 3, 'Aggiustaggio', 15, 12),
('2021-10-20', 1, 'FresaturaSO', 7, 16),
('2020-05-18', 5, 'FresaturaCO', 6, 49),
('2020-01-28', 4, 'Aggiustaggio', 10, 17),
('2020-08-21', 1, 'Progettazione', 3, 14),
('2020-09-16', 6, 'Progettazione', 3, 14),
('2021-06-06', 2, 'FresaturaSO', 9, 23),
('2019-08-07', 5, 'FresaturaSO', 5, 29),
('2021-11-26', 6, 'Aggiustaggio', 14, 41),
('2021-02-09', 4, 'FresaturaSO', 5, 11),
('2020-04-11', 1, 'FresaturaCO', 8, 48),
('2020-04-09', 2, 'Progettazione', 1, 48),
('2021-01-13', 4, 'Trapano', 13, 42),
('2019-07-20', 6, 'FresaturaCO', 5, 30),
('2021-02-14', 2, 'Aggiustaggio', 10, 19),
('2021-05-12', 5, 'Trapano', 13, 33),
('2020-08-27', 3, 'FresaturaSO', 9, 14),
('2019-05-06', 6, 'Trapano', 14, 13),
('2020-07-02', 4, 'FresaturaCO', 8, 15),
('2020-10-14', 4, 'Progettazione', 4, 7),
('2021-05-12', 7, 'Trapano', 12, 33),
('2019-10-21', 5, 'FresaturaSO', 8, 32),
('2020-10-22', 2, 'Progettazione', 1, 7),
('2020-04-11', 6, 'Trapano', 11, 48),
('2020-09-06', 7, 'Trapano', 11, 14),
('2019-08-05', 5, 'Trapano', 11, 47),
('2019-12-03', 2, 'Aggiustaggio', 10, 18),
('2021-09-11', 6, 'Aggiustaggio', 13, 26),
('2020-06-29', 5, 'Trapano', 12, 1),
('2019-11-14', 1, 'Progettazione', 3, 18),
('2022-02-01', 2, 'FresaturaSO', 6, 38),
('2019-12-22', 3, 'Aggiustaggio', 10, 24),
('2021-09-05', 5, 'Progettazione', 2, 28),
('2019-06-11', 7, 'Trapano', 14, 30),
('2021-06-08', 1, 'FresaturaCO', 8, 23),
('2019-06-17', 4, 'Progettazione', 4, 40),
('2020-09-18', 7, 'Progettazione', 3, 14),
('2020-10-30', 3, 'Progettazione', 4, 43),
('2020-12-26', 4, 'Aggiustaggio', 13, 37),
('2020-06-15', 1, 'Trapano', 11, 4),
('2021-10-23', 3, 'FresaturaSO', 5, 16),
('2019-10-12', 3, 'FresaturaSO', 8, 12),
('2019-07-26', 1, 'FresaturaSO', 6, 40),
('2019-12-04', 3, 'Progettazione', 3, 21),
('2019-11-13', 3, 'Aggiustaggio', 10, 18),
('2020-10-10', 6, 'Progettazione', 3, 2),
('2019-06-26', 6, 'Aggiustaggio', 11, 10),
('2019-10-05', 4, 'Trapano', 13, 32),
('2021-05-09', 4, 'FresaturaSO', 7, 23),
('2020-06-04', 6, 'Progettazione', 1, 8),
('2020-08-05', 2, 'Progettazione', 4, 15),
('2019-01-24', 3, 'Progettazione', 3, 5),
('2020-11-13', 1, 'FresaturaSO', 5, 50),
('2021-01-17', 4, 'FresaturaCO', 6, 46),
('2020-01-17', 4, 'Progettazione', 3, 17),
('2019-06-22', 3, 'FresaturaSO', 6, 44),
('2021-02-11', 7, 'Progettazione', 3, 11),
('2021-02-24', 2, 'Trapano', 14, 19),
('2020-03-15', 7, 'Progettazione', 3, 48),
('2019-07-22', 5, 'Aggiustaggio', 12, 40),
('2021-01-24', 3, 'Trapano', 10, 19),
('2019-11-02', 5, 'Progettazione', 1, 12),
('2020-06-16', 3, 'FresaturaCO', 6, 4),
('2020-12-20', 3, 'FresaturaSO', 6, 42),
('2019-11-30', 1, 'Aggiustaggio', 11, 24),
('2020-10-08', 1, 'Aggiustaggio', 14, 7),
('2019-07-29', 7, 'Aggiustaggio', 13, 40),
('2020-08-18', 3, 'Aggiustaggio', 13, 6),
('2020-05-12', 5, 'Progettazione', 4, 27),
('2020-07-04', 6, 'FresaturaSO', 6, 34),
('2020-12-08', 3, 'Aggiustaggio', 10, 43),
('2020-02-12', 7, 'FresaturaCO', 5, 17),
('2020-10-29', 7, 'FresaturaCO', 7, 50),
('2019-06-17', 3, 'FresaturaCO', 9, 30),
('2019-09-26', 6, 'Trapano', 13, 25),
('2019-06-11', 6, 'Trapano', 11, 30),
('2021-06-14', 3, 'Progettazione', 3, 33),
('2020-07-14', 7, 'Aggiustaggio', 13, 15),
('2021-02-20', 2, 'Trapano', 15, 19),
('2020-06-29', 4, 'FresaturaSO', 7, 15),
('2020-09-22', 4, 'Progettazione', 2, 14),
('2019-11-30', 2, 'Progettazione', 2, 24),
('2021-12-01', 4, 'Aggiustaggio', 14, 16),
('2021-01-14', 2, 'FresaturaSO', 8, 42),
('2019-07-03', 2, 'Aggiustaggio', 13, 44),
('2019-08-17', 1, 'FresaturaSO', 7, 39),
('2021-01-16', 5, 'FresaturaSO', 6, 11),
('2020-04-02', 2, 'FresaturaCO', 8, 48),
('2021-09-29', 3, 'FresaturaCO', 6, 3),
('2020-07-08', 6, 'Progettazione', 1, 4),
('2022-02-04', 7, 'Progettazione', 4, 38),
('2020-01-02', 3, 'Progettazione', 2, 21),
('2019-07-30', 3, 'Aggiustaggio', 15, 44),
('2021-11-23', 2, 'FresaturaCO', 5, 16),
('2021-09-13', 2, 'FresaturaCO', 6, 3),
('2019-07-11', 2, 'Trapano', 15, 44),
('2021-01-18', 3, 'Trapano', 14, 11),
('2021-10-03', 2, 'FresaturaSO', 6, 28),
('2021-09-13', 5, 'Progettazione', 4, 3),
('2020-09-23', 7, 'Progettazione', 3, 6),
('2019-11-11', 3, 'FresaturaSO', 7, 18),
('2019-12-10', 3, 'FresaturaCO', 9, 21),
('2020-08-05', 5, 'Progettazione', 4, 15),
('2022-01-28', 4, 'FresaturaSO', 9, 38),
('2020-11-17', 3, 'FresaturaCO', 6, 50),
('2020-03-09', 3, 'Progettazione', 4, 9),
('2022-01-27', 1, 'FresaturaSO', 5, 38),
('2020-11-07', 5, 'Aggiustaggio', 15, 43),
('2020-05-26', 3, 'Progettazione', 1, 49),
('2019-04-08', 7, 'Trapano', 10, 35),
('2019-11-08', 4, 'Aggiustaggio', 11, 12),
('2021-05-17', 4, 'Progettazione', 1, 33),
('2020-07-05', 1, 'Progettazione', 1, 1),
('2019-02-23', 5, 'Trapano', 11, 5),
('2019-11-02', 5, 'FresaturaSO', 7, 18),
('2020-05-13', 4, 'Progettazione', 2, 22),
('2019-12-22', 1, 'FresaturaSO', 5, 21),
('2020-06-01', 7, 'FresaturaSO', 8, 8),
('2019-06-20', 6, 'Aggiustaggio', 11, 44),
('2021-05-12', 6, 'FresaturaCO', 8, 45),
('2019-06-20', 1, 'Trapano', 10, 10),
('2020-05-28', 2, 'Progettazione', 3, 49),
('2021-01-28', 7, 'FresaturaSO', 5, 46),
('2020-10-30', 1, 'Aggiustaggio', 12, 7),
('2020-05-05', 7, 'FresaturaSO', 6, 22),
('2019-12-14', 4, 'Aggiustaggio', 10, 21),
('2020-07-02', 7, 'Aggiustaggio', 11, 1),
('2019-07-26', 6, 'FresaturaCO', 6, 39),
('2021-02-16', 2, 'Aggiustaggio', 10, 19),
('2021-12-24', 5, 'Trapano', 10, 38),
('2019-06-22', 5, 'Progettazione', 2, 10),
('2019-06-27', 2, 'Progettazione', 3, 10),
('2021-09-22', 2, 'Aggiustaggio', 14, 3),
('2020-12-06', 4, 'Trapano', 11, 37),
('2021-12-29', 7, 'Progettazione', 1, 20),
('2019-08-30', 1, 'Progettazione', 2, 39),
('2019-11-15', 4, 'Aggiustaggio', 11, 18),
('2020-08-19', 3, 'Progettazione', 1, 6),
('2020-09-25', 1, 'Progettazione', 2, 6),
('2021-09-16', 6, 'Aggiustaggio', 11, 26),
('2019-10-14', 2, 'FresaturaSO', 6, 32),
('2021-02-03', 5, 'Trapano', 12, 11),
('2020-01-06', 4, 'FresaturaSO', 8, 21),
('2020-08-21', 6, 'FresaturaSO', 8, 6),
('2021-09-19', 6, 'FresaturaCO', 5, 26),
('2020-08-17', 7, 'Aggiustaggio', 10, 14),
('2021-01-24', 4, 'Trapano', 12, 46),
('2022-01-27', 5, 'FresaturaSO', 8, 38),
('2020-09-22', 4, 'FresaturaCO', 6, 6),
('2021-11-27', 3, 'FresaturaSO', 6, 20),
('2020-10-25', 1, 'Progettazione', 1, 50),
('2020-01-09', 4, 'FresaturaCO', 8, 21),
('2020-12-08', 3, 'FresaturaSO', 5, 37),
('2019-12-15', 5, 'FresaturaSO', 8, 21),
('2019-08-01', 4, 'Aggiustaggio', 12, 40),
('2021-02-03', 2, 'Aggiustaggio', 15, 19),
('2020-01-18', 4, 'FresaturaSO', 8, 17),
('2020-05-10', 2, 'Aggiustaggio', 11, 49),
('2020-11-20', 1, 'Trapano', 15, 43),
('2020-02-13', 3, 'Aggiustaggio', 11, 17),
('2021-12-30', 6, 'FresaturaCO', 7, 20),
('2020-06-20', 1, 'Trapano', 12, 8),
('2019-12-19', 4, 'Progettazione', 1, 24),
('2021-05-07', 4, 'FresaturaCO', 8, 45),
('2020-06-27', 6, 'Aggiustaggio', 11, 34),
('2021-12-20', 3, 'FresaturaSO', 9, 38),
('2021-06-02', 3, 'Aggiustaggio', 12, 23),
('2020-02-02', 6, 'FresaturaCO', 5, 31),
('2020-11-28', 4, 'Aggiustaggio', 11, 37),
('2020-05-18', 1, 'Progettazione', 2, 22),
('2019-02-19', 4, 'FresaturaSO', 5, 5),
('2021-09-29', 4, 'Aggiustaggio', 15, 3),
('2021-12-21', 7, 'Progettazione', 2, 38),
('2021-01-20', 6, 'Aggiustaggio', 12, 46),
('2021-06-11', 5, 'Trapano', 15, 33),
('2019-10-17', 2, 'FresaturaSO', 6, 12),
('2021-12-13', 7, 'Trapano', 11, 41),
('2020-08-23', 7, 'Aggiustaggio', 10, 6),
('2020-10-25', 4, 'FresaturaCO', 9, 50),
('2019-07-06', 3, 'Progettazione', 2, 47),
('2019-11-21', 6, 'Aggiustaggio', 10, 18),
('2019-07-19', 2, 'Aggiustaggio', 12, 47),
('2020-11-29', 6, 'Trapano', 14, 50),
('2019-07-28', 4, 'Aggiustaggio', 13, 29),
('2019-07-12', 2, 'FresaturaCO', 5, 40),
('2020-11-21', 5, 'Progettazione', 2, 50),
('2020-01-06', 6, 'Trapano', 13, 31),
('2019-08-04', 1, 'Trapano', 14, 29),
('2019-08-21', 6, 'FresaturaSO', 9, 29),
('2019-03-14', 7, 'Aggiustaggio', 11, 35),
('2020-12-06', 1, 'FresaturaCO', 7, 50),
('2021-05-24', 1, 'Trapano', 13, 45),
('2022-02-07', 5, 'Aggiustaggio', 15, 38),
('2020-06-19', 5, 'Progettazione', 4, 8),
('2020-06-03', 7, 'Trapano', 10, 4),
('2020-10-07', 1, 'FresaturaCO', 9, 2),
('2019-06-26', 1, 'Aggiustaggio', 10, 10),
('2019-11-01', 3, 'Trapano', 13, 12),
('2022-01-11', 7, 'FresaturaCO', 8, 38),
('2019-09-09', 1, 'Aggiustaggio', 13, 25),
('2021-10-28', 5, 'Trapano', 11, 3),
('2019-07-27', 3, 'FresaturaSO', 5, 44),
('2019-07-10', 7, 'Trapano', 11, 10),
('2021-05-09', 1, 'Trapano', 11, 45),
('2021-05-24', 7, 'Aggiustaggio', 13, 45),
('2020-11-05', 5, 'Progettazione', 4, 7),
('2021-12-30', 5, 'Aggiustaggio', 14, 20),
('2021-11-28', 4, 'FresaturaCO', 9, 20),
('2019-10-04', 1, 'FresaturaCO', 9, 12),
('2020-11-04', 2, 'Aggiustaggio', 10, 36),
('2020-12-25', 4, 'Aggiustaggio', 11, 37),
('2020-09-17', 5, 'Trapano', 10, 6),
('2020-05-29', 3, 'Aggiustaggio', 12, 49),
('2021-05-27', 6, 'Trapano', 12, 33),
('2020-08-09', 1, 'Trapano', 13, 15),
('2019-08-26', 7, 'Aggiustaggio', 12, 47),
('2020-11-18', 5, 'Progettazione', 4, 7),
('2019-04-07', 2, 'FresaturaSO', 8, 13),
('2021-10-31', 4, 'Trapano', 14, 16),
('2019-09-09', 4, 'FresaturaSO', 5, 25),
('2019-02-15', 2, 'Progettazione', 3, 5),
('2019-10-26', 1, 'Progettazione', 1, 12),
('2019-06-08', 3, 'Progettazione', 3, 10),
('2019-03-14', 4, 'Trapano', 15, 35),
('2019-12-02', 5, 'Trapano', 14, 18),
('2020-07-17', 5, 'Aggiustaggio', 14, 15),
('2020-11-09', 3, 'Progettazione', 4, 50),
('2020-06-29', 6, 'Progettazione', 2, 15),
('2019-08-03', 7, 'Trapano', 10, 47),
('2021-02-18', 2, 'Progettazione', 3, 11),
('2019-12-09', 5, 'Aggiustaggio', 15, 24),
('2019-10-03', 3, 'Progettazione', 2, 25),
('2019-06-13', 7, 'Trapano', 13, 44),
('2020-09-19', 7, 'FresaturaSO', 6, 6),
('2019-06-29', 1, 'Trapano', 12, 44),
('2021-05-29', 3, 'FresaturaSO', 7, 23),
('2020-07-25', 5, 'FresaturaSO', 6, 1),
('2020-10-18', 2, 'Trapano', 15, 2),
('2019-10-11', 4, 'FresaturaCO', 5, 32),
('2021-12-01', 4, 'Progettazione', 1, 20),
('2019-12-02', 1, 'FresaturaSO', 8, 24),
('2020-11-29', 6, 'Trapano', 10, 50),
('2021-08-30', 4, 'FresaturaSO', 6, 28),
('2020-07-07', 2, 'FresaturaSO', 7, 15),
('2020-07-21', 7, 'Progettazione', 1, 1),
('2020-11-04', 2, 'FresaturaSO', 8, 36),
('2021-12-18', 1, 'Trapano', 12, 20),
('2019-07-29', 7, 'Aggiustaggio', 11, 47),
('2020-05-10', 2, 'FresaturaSO', 7, 22),
('2019-07-14', 3, 'Progettazione', 4, 40),
('2019-08-05', 5, 'FresaturaSO', 7, 47),
('2019-03-30', 7, 'FresaturaSO', 6, 13),
('2021-09-25', 7, 'Trapano', 12, 28),
('2020-06-20', 7, 'Aggiustaggio', 11, 8),
('2019-08-26', 6, 'FresaturaSO', 5, 47),
('2020-01-07', 6, 'FresaturaSO', 9, 21),
('2020-03-30', 3, 'Trapano', 11, 9),
('2020-05-25', 3, 'Trapano', 15, 8),
('2021-02-25', 4, 'Aggiustaggio', 12, 19),
('2019-10-13', 6, 'Trapano', 13, 32),
('2020-12-03', 6, 'Trapano', 10, 43),
('2019-01-21', 2, 'Trapano', 14, 5),
('2019-06-22', 4, 'FresaturaCO', 5, 10),
('2020-10-25', 5, 'FresaturaSO', 8, 2),
('2020-09-12', 7, 'Aggiustaggio', 12, 14),
('2022-02-01', 6, 'FresaturaSO', 7, 38),
('2019-09-27', 2, 'FresaturaSO', 7, 25),
('2019-10-11', 7, 'FresaturaSO', 9, 12),
('2020-10-26', 2, 'Trapano', 13, 7),
('2021-06-08', 1, 'Trapano', 13, 33),
('2021-12-03', 2, 'FresaturaSO', 9, 20),
('2019-09-11', 6, 'FresaturaCO', 5, 32),
('2020-06-04', 3, 'FresaturaCO', 7, 49),
('2020-04-24', 4, 'Aggiustaggio', 13, 27),
('2021-04-19', 3, 'FresaturaCO', 5, 45),
('2019-07-21', 3, 'Trapano', 14, 44),
('2022-02-06', 2, 'Trapano', 11, 38),
('2020-11-19', 6, 'Progettazione', 1, 50),
('2019-06-27', 5, 'FresaturaCO', 7, 10),
('2021-02-16', 1, 'FresaturaSO', 6, 11),
('2019-08-09', 1, 'Progettazione', 3, 29),
('2020-05-02', 1, 'Trapano', 14, 22),
('2020-04-09', 6, 'FresaturaCO', 8, 48),
('2020-05-26', 6, 'Progettazione', 4, 8),
('2019-04-18', 1, 'Trapano', 15, 13),
('2020-10-24', 6, 'Aggiustaggio', 10, 36),
('2020-11-04', 7, 'FresaturaSO', 8, 2),
('2019-06-21', 4, 'Aggiustaggio', 10, 40),
('2020-06-13', 5, 'Progettazione', 2, 22),
('2021-05-16', 1, 'FresaturaCO', 8, 33),
('2022-01-06', 7, 'FresaturaSO', 8, 38),
('2020-11-06', 1, 'FresaturaCO', 7, 7),
('2022-01-27', 7, 'Aggiustaggio', 13, 38),
('2021-05-26', 3, 'Progettazione', 1, 23),
('2021-01-06', 5, 'FresaturaCO', 8, 42),
('2020-03-14', 3, 'FresaturaCO', 5, 9),
('2019-07-22', 7, 'FresaturaSO', 9, 40),
('2020-11-13', 2, 'Aggiustaggio', 15, 7),
('2020-07-27', 2, 'Trapano', 15, 34),
('2020-05-13', 5, 'Trapano', 14, 27),
('2021-05-20', 1, 'Trapano', 10, 23),
('2020-11-02', 4, 'FresaturaSO', 7, 36),
('2020-11-02', 3, 'FresaturaCO', 8, 7),
('2019-09-29', 6, 'Aggiustaggio', 12, 25),
('2020-11-14', 7, 'FresaturaCO', 8, 7),
('2019-09-20', 3, 'Trapano', 11, 25),
('2020-07-01', 5, 'FresaturaSO', 5, 34),
('2020-10-10', 2, 'Trapano', 11, 2),
('2021-02-19', 7, 'Aggiustaggio', 12, 19),
('2020-07-02', 5, 'Trapano', 11, 4),
('2021-01-02', 6, 'Aggiustaggio', 15, 37),
('2020-12-08', 6, 'Aggiustaggio', 13, 43),
('2021-01-02', 6, 'Progettazione', 4, 42),
('2021-04-23', 7, 'Progettazione', 2, 45),
('2020-01-19', 3, 'FresaturaSO', 9, 21),
('2020-07-05', 7, 'Progettazione', 3, 15),
('2019-06-18', 5, 'Progettazione', 1, 44),
('2019-07-01', 7, 'FresaturaSO', 5, 30),
('2019-10-06', 7, 'Trapano', 14, 12),
('2021-01-16', 4, 'Progettazione', 4, 11),
('2019-08-06', 3, 'Progettazione', 1, 39),
('2020-11-19', 3, 'Trapano', 12, 43),
('2019-04-17', 1, 'Progettazione', 4, 13),
('2021-09-08', 5, 'FresaturaCO', 9, 28),
('2019-06-15', 5, 'Trapano', 15, 10),
('2022-01-20', 4, 'Aggiustaggio', 14, 38),
('2020-07-20', 3, 'FresaturaCO', 9, 1),
('2021-09-13', 6, 'FresaturaSO', 9, 26),
('2019-06-08', 6, 'FresaturaSO', 7, 10),
('2019-06-28', 3, 'FresaturaSO', 8, 30),
('2019-04-12', 3, 'Trapano', 10, 35),
('2020-10-20', 5, 'FresaturaSO', 7, 36),
('2021-03-02', 5, 'Aggiustaggio', 14, 19),
('2021-01-02', 1, 'Trapano', 15, 42),
('2020-06-08', 7, 'FresaturaCO', 9, 49),
('2020-10-26', 5, 'Trapano', 12, 36),
('2019-06-06', 7, 'Trapano', 11, 30),
('2020-10-06', 4, 'Progettazione', 3, 2),
('2020-10-06', 1, 'Progettazione', 1, 2),
('2020-03-22', 5, 'FresaturaSO', 7, 48),
('2019-06-15', 7, 'FresaturaCO', 9, 10),
('2019-01-23', 2, 'FresaturaCO', 5, 5),
('2019-08-09', 7, 'Aggiustaggio', 11, 39),
('2019-07-08', 2, 'Trapano', 13, 40),
('2020-07-24', 4, 'Trapano', 13, 34),
('2020-10-25', 3, 'FresaturaCO', 9, 50),
('2020-05-11', 3, 'Aggiustaggio', 12, 49),
('2019-07-20', 1, 'FresaturaCO', 7, 40),
('2020-04-24', 5, 'Aggiustaggio', 10, 27),
('2020-05-18', 1, 'FresaturaSO', 8, 22),
('2022-02-08', 5, 'FresaturaCO', 8, 38),
('2021-12-13', 1, 'Aggiustaggio', 12, 41),
('2019-09-27', 4, 'Progettazione', 1, 12),
('2020-10-30', 7, 'Progettazione', 2, 36),
('2021-11-20', 3, 'Progettazione', 2, 16),
('2020-06-20', 7, 'FresaturaSO', 5, 8),
('2020-08-18', 3, 'Trapano', 12, 6),
('2020-06-07', 2, 'FresaturaCO', 5, 8),
('2021-09-13', 1, 'Progettazione', 4, 26),
('2020-08-27', 1, 'Trapano', 15, 6),
('2020-04-30', 6, 'Progettazione', 2, 27),
('2020-09-15', 7, 'Trapano', 12, 6),
('2020-08-04', 5, 'Trapano', 14, 34),
('2019-07-17', 2, 'Aggiustaggio', 15, 40),
('2020-12-12', 6, 'FresaturaCO', 7, 37),
('2019-06-11', 5, 'Progettazione', 2, 10),
('2021-01-16', 7, 'Trapano', 11, 46),
('2021-02-01', 1, 'Aggiustaggio', 14, 46),
('2020-03-23', 1, 'FresaturaCO', 7, 9),
('2020-06-05', 3, 'FresaturaSO', 5, 8),
('2021-05-03', 1, 'Progettazione', 4, 45),
('2021-01-22', 1, 'Trapano', 10, 42),
('2021-09-18', 4, 'FresaturaCO', 8, 28),
('2020-06-19', 7, 'FresaturaCO', 9, 49),
('2019-01-09', 6, 'Trapano', 11, 5),
('2019-07-05', 7, 'Progettazione', 1, 44),
('2020-12-12', 4, 'Aggiustaggio', 15, 42),
('2019-08-01', 2, 'FresaturaSO', 6, 47),
('2019-06-11', 4, 'FresaturaSO', 8, 30),
('2019-07-11', 3, 'Progettazione', 1, 40),
('2021-09-22', 7, 'Trapano', 10, 28),
('2020-02-15', 5, 'Trapano', 11, 31),
('2021-08-26', 1, 'FresaturaCO', 9, 26),
('2020-06-02', 7, 'FresaturaSO', 5, 22),
('2020-11-03', 2, 'Aggiustaggio', 10, 2),
('2019-04-09', 4, 'FresaturaSO', 8, 35),
('2019-07-13', 2, 'FresaturaCO', 8, 29),
('2021-11-21', 7, 'Progettazione', 2, 16),
('2021-11-08', 6, 'Aggiustaggio', 10, 41),
('2020-07-08', 1, 'FresaturaCO', 9, 4),
('2019-02-07', 2, 'Progettazione', 3, 5),
('2021-01-31', 2, 'Progettazione', 4, 19),
('2021-01-20', 4, 'Progettazione', 2, 11),
('2019-06-20', 4, 'Progettazione', 1, 10),
('2019-06-19', 5, 'Aggiustaggio', 11, 10),
('2019-07-04', 3, 'FresaturaSO', 9, 47),
('2020-05-18', 1, 'Trapano', 10, 22),
('2021-11-12', 5, 'Aggiustaggio', 12, 41),
('2020-06-08', 7, 'FresaturaSO', 7, 8),
('2019-10-21', 5, 'Aggiustaggio', 15, 32),
('2020-12-26', 3, 'Trapano', 11, 42),
('2021-05-29', 5, 'Aggiustaggio', 11, 33),
('2021-12-01', 1, 'Progettazione', 1, 41),
('2020-12-22', 7, 'Trapano', 14, 37),
('2021-01-28', 2, 'Trapano', 13, 46),
('2020-07-02', 3, 'FresaturaSO', 6, 49),
('2019-06-10', 5, 'Trapano', 10, 44),
('2019-06-16', 5, 'FresaturaSO', 8, 44),
('2020-07-06', 7, 'Aggiustaggio', 14, 4),
('2020-06-09', 7, 'Aggiustaggio', 12, 4),
('2020-08-17', 2, 'FresaturaCO', 6, 15),
('2020-04-05', 6, 'FresaturaCO', 8, 48),
('2019-07-18', 6, 'FresaturaSO', 7, 30),
('2021-05-18', 2, 'FresaturaSO', 6, 23),
('2021-12-14', 5, 'FresaturaSO', 9, 41),
('2020-02-17', 2, 'Trapano', 11, 31),
('2021-09-17', 6, 'Trapano', 10, 26),
('2019-12-18', 1, 'FresaturaSO', 9, 21),
('2021-01-28', 4, 'Aggiustaggio', 14, 46),
('2020-08-07', 7, 'FresaturaSO', 5, 15),
('2020-06-21', 2, 'Progettazione', 3, 4),
('2020-07-17', 1, 'Trapano', 13, 34),
('2020-12-23', 3, 'Trapano', 15, 37),
('2019-12-27', 2, 'Aggiustaggio', 14, 21),
('2021-08-29', 5, 'Trapano', 13, 26),
('2020-06-22', 4, 'Aggiustaggio', 12, 4),
('2019-06-12', 7, 'Progettazione', 3, 44),
('2022-01-11', 1, 'FresaturaSO', 8, 38),
('2021-11-05', 1, 'Aggiustaggio', 15, 16),
('2020-03-14', 6, 'FresaturaCO', 6, 9),
('2020-09-18', 2, 'Progettazione', 3, 6),
('2019-04-22', 5, 'FresaturaSO', 8, 35),
('2019-08-17', 3, 'FresaturaSO', 8, 39),
('2020-05-06', 2, 'FresaturaCO', 8, 49),
('2019-03-29', 6, 'Aggiustaggio', 14, 35),
('2019-08-13', 7, 'FresaturaSO', 5, 47),
('2019-08-07', 1, 'Progettazione', 4, 39),
('2020-11-03', 5, 'Trapano', 11, 2),
('2021-11-11', 4, 'Trapano', 14, 16),
('2019-08-29', 1, 'Trapano', 11, 25),
('2020-03-12', 7, 'FresaturaCO', 5, 48),
('2022-02-02', 1, 'Progettazione', 4, 38),
('2020-07-24', 6, 'Progettazione', 3, 34),
('2020-11-16', 1, 'FresaturaCO', 5, 7),
('2019-06-11', 5, 'Aggiustaggio', 11, 10),
('2019-08-10', 7, 'Progettazione', 1, 29),
('2020-10-30', 3, 'Progettazione', 1, 7),
('2020-06-22', 3, 'Trapano', 12, 4),
('2019-07-31', 1, 'FresaturaSO', 6, 44),
('2020-09-02', 1, 'FresaturaSO', 8, 6),
('2019-12-01', 4, 'Trapano', 12, 18),
('2020-01-15', 7, 'Progettazione', 3, 31),
('2019-12-25', 7, 'Trapano', 15, 24),
('2020-04-09', 6, 'FresaturaCO', 7, 48),
('2019-07-31', 6, 'FresaturaCO', 5, 29),
('2020-12-24', 2, 'Progettazione', 2, 37),
('2019-09-27', 7, 'Progettazione', 1, 32),
('2020-06-05', 7, 'Aggiustaggio', 10, 22),
('2019-09-26', 2, 'Aggiustaggio', 11, 32),
('2019-06-14', 5, 'FresaturaCO', 7, 10),
('2021-09-10', 1, 'Trapano', 14, 26),
('2020-09-03', 5, 'Progettazione', 1, 14),
('2021-05-14', 4, 'FresaturaSO', 7, 33),
('2020-11-12', 2, 'Trapano', 13, 36),
('2019-02-13', 7, 'Aggiustaggio', 12, 5),
('2019-01-31', 4, 'Aggiustaggio', 11, 5),
('2021-05-27', 4, 'Progettazione', 4, 33),
('2021-01-30', 1, 'Trapano', 12, 11),
('2021-01-25', 3, 'Trapano', 12, 46),
('2020-08-30', 1, 'Progettazione', 2, 6),
('2020-04-07', 4, 'Trapano', 15, 9),
('2020-11-03', 1, 'FresaturaSO', 5, 43),
('2019-07-14', 5, 'FresaturaSO', 7, 30),
('2020-04-07', 5, 'Aggiustaggio', 11, 48),
('2021-10-29', 2, 'FresaturaSO', 5, 16),
('2019-09-06', 3, 'Progettazione', 2, 39),
('2020-06-21', 1, 'FresaturaSO', 5, 8),
('2021-05-10', 7, 'Progettazione', 2, 45),
('2021-12-14', 7, 'Trapano', 12, 41),
('2021-10-04', 4, 'Progettazione', 3, 28),
('2020-09-06', 7, 'FresaturaSO', 6, 6),
('2020-11-16', 7, 'FresaturaCO', 5, 50),
('2020-11-04', 1, 'Trapano', 12, 36),
('2019-07-11', 4, 'Trapano', 12, 10),
('2021-09-19', 2, 'FresaturaSO', 6, 26),
('2021-10-01', 4, 'Progettazione', 4, 3),
('2020-10-03', 1, 'Trapano', 10, 36),
('2020-09-01', 1, 'Trapano', 13, 14),
('2021-09-21', 5, 'FresaturaSO', 7, 28),
('2019-12-09', 5, 'Aggiustaggio', 15, 24),
('2021-01-27', 4, 'Progettazione', 2, 46),
('2020-12-18', 7, 'Trapano', 12, 42),
('2021-09-12', 4, 'Trapano', 13, 28),
('2019-03-13', 4, 'Progettazione', 2, 13),
('2021-05-23', 7, 'FresaturaCO', 7, 45),
('2020-02-11', 3, 'FresaturaCO', 5, 17),
('2019-10-07', 6, 'Aggiustaggio', 14, 12),
('2019-04-25', 4, 'FresaturaCO', 8, 13),
('2019-02-21', 5, 'Aggiustaggio', 15, 5),
('2020-06-24', 7, 'Progettazione', 1, 4),
('2021-02-16', 7, 'Trapano', 14, 46),
('2021-11-12', 3, 'Aggiustaggio', 15, 41),
('2022-01-22', 5, 'FresaturaSO', 5, 38),
('2021-01-18', 5, 'Progettazione', 4, 11),
('2019-11-06', 1, 'FresaturaCO', 5, 18),
('2020-06-30', 7, 'Trapano', 12, 34),
('2021-09-27', 6, 'FresaturaSO', 7, 3),
('2019-06-18', 7, 'FresaturaCO', 8, 44),
('2021-10-28', 5, 'FresaturaCO', 9, 16),
('2020-11-06', 6, 'Progettazione', 4, 50),
('2020-06-30', 4, 'FresaturaSO', 9, 49),
('2020-05-18', 7, 'Aggiustaggio', 15, 27),
('2019-06-07', 5, 'Progettazione', 4, 44),
('2020-06-27', 4, 'FresaturaCO', 7, 1),
('2020-07-21', 4, 'FresaturaSO', 7, 1),
('2020-06-23', 7, 'Aggiustaggio', 12, 8),
('2021-08-22', 1, 'Progettazione', 1, 26),
('2019-07-08', 3, 'Trapano', 14, 40),
('2020-05-28', 3, 'Progettazione', 4, 8),
('2019-11-15', 1, 'FresaturaCO', 7, 12),
('2021-10-29', 3, 'Aggiustaggio', 13, 16),
('2019-10-02', 5, 'FresaturaSO', 7, 25),
('2021-11-07', 6, 'FresaturaCO', 9, 16),
('2019-09-10', 6, 'Aggiustaggio', 11, 39),
('2019-11-25', 1, 'Aggiustaggio', 13, 18),
('2019-07-28', 6, 'Progettazione', 4, 47),
('2020-02-01', 5, 'Aggiustaggio', 15, 31),
('2019-10-05', 1, 'FresaturaCO', 7, 12),
('2019-12-03', 1, 'Trapano', 15, 18),
('2021-10-25', 1, 'Aggiustaggio', 13, 16),
('2020-04-06', 2, 'FresaturaCO', 9, 48),
('2020-05-04', 1, 'Aggiustaggio', 15, 27),
('2021-06-06', 3, 'Trapano', 12, 33),
('2021-03-15', 2, 'FresaturaSO', 7, 19),
('2021-05-14', 7, 'Progettazione', 4, 45),
('2022-01-07', 7, 'FresaturaCO', 5, 38),
('2020-07-01', 6, 'FresaturaCO', 5, 34),
('2021-11-14', 1, 'Progettazione', 3, 41),
('2020-02-06', 4, 'FresaturaSO', 6, 17),
('2019-07-25', 4, 'FresaturaCO', 5, 47),
('2021-06-03', 1, 'Progettazione', 2, 33),
('2019-10-16', 1, 'Aggiustaggio', 12, 12),
('2019-12-08', 7, 'FresaturaSO', 8, 18),
('2021-01-18', 6, 'Aggiustaggio', 12, 42),
('2021-12-30', 4, 'Aggiustaggio', 11, 20),
('2021-12-02', 1, 'Progettazione', 3, 20),
('2021-06-17', 6, 'Trapano', 13, 33),
('2020-07-17', 6, 'FresaturaCO', 9, 1),
('2020-06-07', 1, 'Progettazione', 4, 22),
('2021-09-22', 3, 'Aggiustaggio', 11, 26),
('2019-06-20', 4, 'Aggiustaggio', 11, 44),
('2020-05-26', 5, 'FresaturaCO', 6, 49),
('2021-01-28', 1, 'Trapano', 15, 46),
('2019-09-04', 2, 'Trapano', 14, 25),
('2020-03-30', 7, 'Aggiustaggio', 11, 48),
('2021-09-13', 1, 'Progettazione', 1, 3),
('2021-12-06', 3, 'FresaturaCO', 9, 41),
('2021-11-13', 2, 'Trapano', 12, 41),
('2019-07-14', 1, 'Aggiustaggio', 10, 29),
('2021-11-11', 7, 'FresaturaSO', 6, 41),
('2020-05-14', 4, 'Progettazione', 3, 49),
('2020-12-08', 3, 'FresaturaCO', 8, 43),
('2020-10-05', 1, 'FresaturaSO', 6, 7),
('2020-09-23', 5, 'Trapano', 10, 6),
('2020-09-25', 6, 'FresaturaSO', 7, 6),
('2020-04-28', 7, 'Aggiustaggio', 13, 27),
('2020-09-11', 1, 'Trapano', 10, 14),
('2019-03-19', 5, 'Trapano', 12, 35),
('2021-06-17', 7, 'Aggiustaggio', 13, 33),
('2021-09-03', 5, 'Aggiustaggio', 12, 26),
('2021-08-23', 3, 'Aggiustaggio', 14, 28),
('2020-10-29', 4, 'FresaturaCO', 6, 50),
('2019-08-20', 5, 'Trapano', 13, 29),
('2021-03-09', 1, 'Trapano', 10, 19),
('2019-03-17', 7, 'Trapano', 11, 13),
('2020-01-23', 5, 'Aggiustaggio', 14, 31),
('2020-06-09', 2, 'FresaturaCO', 6, 49),
('2019-07-23', 3, 'Trapano', 11, 29),
('2020-07-21', 5, 'Aggiustaggio', 10, 34),
('2020-07-21', 3, 'Progettazione', 3, 1),
('2020-08-10', 3, 'Progettazione', 1, 14),
('2020-04-05', 3, 'FresaturaCO', 5, 9),
('2020-08-12', 4, 'FresaturaCO', 9, 14),
('2020-07-01', 6, 'Aggiustaggio', 13, 1),
('2020-10-11', 2, 'Aggiustaggio', 15, 2),
('2020-10-03', 1, 'FresaturaCO', 5, 36),
('2021-05-14', 2, 'Progettazione', 2, 23),
('2020-09-14', 7, 'Aggiustaggio', 12, 14),
('2020-07-22', 3, 'FresaturaCO', 9, 15),
('2020-01-17', 7, 'Trapano', 12, 17),
('2019-10-09', 4, 'Aggiustaggio', 11, 12),
('2020-07-20', 7, 'Progettazione', 1, 1),
('2020-08-11', 3, 'Progettazione', 1, 14),
('2020-07-20', 4, 'Progettazione', 3, 1),
('2019-06-20', 6, 'FresaturaCO', 7, 40),
('2019-12-01', 7, 'FresaturaCO', 5, 24),
('2019-12-07', 6, 'Aggiustaggio', 12, 18),
('2020-10-17', 3, 'FresaturaCO', 7, 36),
('2020-02-19', 3, 'Aggiustaggio', 10, 9),
('2020-03-15', 5, 'FresaturaCO', 9, 48),
('2020-01-22', 5, 'FresaturaCO', 7, 31),
('2021-05-29', 5, 'Trapano', 10, 23),
('2019-08-06', 4, 'Aggiustaggio', 11, 29),
('2019-07-03', 5, 'Progettazione', 1, 47),
('2020-02-13', 4, 'Progettazione', 4, 31),
('2021-11-30', 7, 'FresaturaCO', 7, 16),
('2020-08-09', 2, 'FresaturaSO', 5, 14),
('2022-02-05', 7, 'Progettazione', 3, 38),
('2020-06-28', 3, 'FresaturaCO', 8, 1),
('2019-07-14', 3, 'FresaturaCO', 5, 40),
('2019-07-20', 7, 'Progettazione', 4, 29),
('2019-08-29', 2, 'Trapano', 14, 25),
('2019-11-19', 7, 'FresaturaSO', 8, 18),
('2020-07-02', 7, 'Trapano', 14, 1),
('2019-06-06', 1, 'FresaturaCO', 8, 44),
('2021-05-02', 7, 'FresaturaCO', 6, 45),
('2021-06-05', 2, 'Aggiustaggio', 14, 33),
('2019-08-21', 2, 'FresaturaSO', 8, 29),
('2020-01-01', 6, 'Aggiustaggio', 13, 21),
('2019-06-30', 2, 'Aggiustaggio', 15, 10),
('2020-05-10', 5, 'FresaturaCO', 7, 22),
('2019-07-11', 2, 'Aggiustaggio', 10, 30),
('2019-03-18', 6, 'FresaturaCO', 7, 35),
('2019-01-31', 2, 'FresaturaSO', 7, 5),
('2021-02-21', 2, 'Aggiustaggio', 14, 19),
('2021-10-31', 6, 'Aggiustaggio', 10, 16),
('2020-06-08', 1, 'Progettazione', 3, 4),
('2021-12-16', 1, 'Aggiustaggio', 15, 41),
('2019-02-28', 6, 'Progettazione', 2, 5),
('2022-01-14', 7, 'FresaturaCO', 9, 38),
('2019-10-05', 1, 'FresaturaCO', 8, 25),
('2019-11-21', 4, 'Progettazione', 2, 18),
('2021-12-30', 3, 'Aggiustaggio', 13, 38),
('2019-12-03', 3, 'Aggiustaggio', 12, 21),
('2019-11-26', 6, 'Trapano', 13, 18),
('2019-12-25', 3, 'Trapano', 11, 21),
('2020-09-05', 2, 'Trapano', 13, 6),
('2019-07-11', 4, 'FresaturaCO', 9, 29),
('2021-05-20', 3, 'Trapano', 11, 33),
('2022-01-31', 2, 'FresaturaCO', 7, 38),
('2019-03-30', 7, 'FresaturaCO', 7, 13),
('2020-11-15', 4, 'Progettazione', 1, 50),
('2019-07-08', 7, 'Aggiustaggio', 12, 40),
('2021-08-25', 4, 'Progettazione', 4, 28),
('2021-09-26', 6, 'FresaturaCO', 8, 3),
('2019-10-06', 6, 'FresaturaSO', 7, 12),
('2019-07-16', 6, 'FresaturaSO', 9, 44),
('2020-12-19', 4, 'FresaturaSO', 5, 42),
('2020-06-23', 2, 'Progettazione', 1, 34),
('2020-07-26', 5, 'FresaturaSO', 8, 34),
('2020-10-12', 2, 'Trapano', 11, 2),
('2021-01-26', 1, 'Progettazione', 2, 42),
('2020-08-22', 4, 'Aggiustaggio', 13, 14),
('2019-11-10', 5, 'Trapano', 11, 18),
('2019-07-16', 5, 'Aggiustaggio', 12, 40),
('2020-05-20', 1, 'Aggiustaggio', 11, 27),
('2019-10-27', 5, 'FresaturaCO', 9, 12),
('2021-01-16', 5, 'Progettazione', 3, 46),
('2019-08-01', 3, 'FresaturaCO', 9, 40),
('2019-07-23', 7, 'Aggiustaggio', 15, 47),
('2021-08-20', 4, 'FresaturaSO', 8, 26),
('2019-08-28', 5, 'Progettazione', 4, 39),
('2019-06-15', 1, 'FresaturaSO', 8, 44),
('2019-04-03', 2, 'FresaturaCO', 6, 35),
('2021-02-07', 3, 'FresaturaCO', 5, 11),
('2019-02-24', 4, 'Aggiustaggio', 13, 5),
('2021-05-21', 7, 'Aggiustaggio', 14, 23),
('2020-12-10', 2, 'Progettazione', 4, 42),
('2020-06-26', 5, 'FresaturaSO', 9, 8),
('2020-09-30', 3, 'Trapano', 13, 2),
('2019-06-18', 4, 'Progettazione', 4, 44),
('2020-10-20', 5, 'Progettazione', 4, 36),
('2020-06-03', 7, 'Aggiustaggio', 15, 4),
('2019-08-23', 5, 'Progettazione', 1, 47),
('2021-11-28', 6, 'FresaturaCO', 7, 41),
('2019-12-06', 2, 'Aggiustaggio', 14, 24),
('2020-06-25', 3, 'FresaturaSO', 5, 34),
('2020-10-10', 1, 'FresaturaSO', 7, 2),
('2019-08-04', 6, 'FresaturaSO', 7, 47),
('2020-02-14', 3, 'FresaturaCO', 9, 31),
('2020-07-01', 3, 'FresaturaCO', 5, 34),
('2021-02-17', 7, 'Trapano', 14, 11),
('2021-05-29', 1, 'FresaturaSO', 5, 23),
('2020-10-13', 5, 'Aggiustaggio', 13, 7),
('2021-11-30', 6, 'Aggiustaggio', 10, 16),
('2020-07-21', 4, 'FresaturaSO', 9, 1),
('2020-10-23', 4, 'FresaturaCO', 9, 43),
('2021-08-22', 7, 'FresaturaCO', 5, 28),
('2021-05-10', 4, 'FresaturaSO', 5, 23),
('2019-09-04', 5, 'Aggiustaggio', 10, 25),
('2021-03-02', 2, 'FresaturaSO', 6, 19),
('2020-06-29', 7, 'FresaturaSO', 7, 15),
('2019-03-07', 7, 'FresaturaSO', 7, 35),
('2019-07-10', 4, 'Aggiustaggio', 12, 29),
('2021-11-16', 2, 'Aggiustaggio', 12, 16),
('2019-06-15', 3, 'Progettazione', 4, 30),
('2021-09-27', 1, 'FresaturaSO', 8, 3),
('2019-07-11', 1, 'FresaturaCO', 8, 40),
('2020-09-15', 3, 'Progettazione', 3, 6),
('2022-01-02', 1, 'Progettazione', 2, 20),
('2019-07-25', 2, 'FresaturaSO', 8, 29),
('2021-08-20', 2, 'FresaturaSO', 5, 28),
('2019-07-02', 2, 'FresaturaCO', 8, 40),
('2019-02-23', 2, 'Progettazione', 4, 5),
('2020-01-28', 4, 'FresaturaCO', 7, 31),
('2019-10-05', 1, 'Aggiustaggio', 12, 12),
('2019-08-27', 2, 'Aggiustaggio', 14, 39),
('2020-10-27', 6, 'Aggiustaggio', 13, 2),
('2019-04-13', 1, 'FresaturaSO', 9, 13),
('2019-07-12', 4, 'Aggiustaggio', 14, 10),
('2020-03-08', 2, 'Trapano', 13, 9),
('2020-10-12', 7, 'Progettazione', 3, 2),
('2021-11-11', 6, 'FresaturaCO', 5, 16),
('2020-10-19', 1, 'Aggiustaggio', 14, 2),
('2021-08-18', 5, 'Aggiustaggio', 13, 28),
('2021-10-27', 6, 'FresaturaSO', 7, 16),
('2020-05-26', 3, 'Aggiustaggio', 14, 8),
('2021-05-26', 3, 'FresaturaSO', 7, 45),
('2021-09-24', 7, 'Progettazione', 2, 3),
('2019-07-27', 3, 'Aggiustaggio', 11, 39),
('2019-07-08', 2, 'Trapano', 13, 40),
('2020-07-25', 7, 'FresaturaCO', 7, 1),
('2020-05-15', 6, 'Aggiustaggio', 11, 49),
('2020-07-03', 5, 'Aggiustaggio', 10, 1),
('2020-11-21', 6, 'FresaturaSO', 5, 37),
('2020-09-29', 3, 'Trapano', 11, 2),
('2020-06-08', 1, 'Progettazione', 1, 4),
('2020-08-19', 1, 'FresaturaCO', 9, 6),
('2019-04-17', 6, 'Trapano', 13, 35),
('2019-11-05', 5, 'FresaturaSO', 9, 12),
('2021-11-02', 5, 'FresaturaCO', 8, 3),
('2021-09-23', 3, 'Aggiustaggio', 15, 3),
('2020-08-19', 2, 'FresaturaSO', 7, 6),
('2021-09-14', 2, 'FresaturaCO', 9, 26),
('2020-05-31', 3, 'FresaturaSO', 5, 4),
('2019-03-10', 4, 'Progettazione', 2, 35),
('2021-02-04', 4, 'Trapano', 10, 19),
('2020-01-09', 6, 'Progettazione', 1, 21),
('2020-05-22', 6, 'Trapano', 11, 22),
('2021-01-18', 3, 'Aggiustaggio', 14, 11),
('2019-01-29', 7, 'Progettazione', 3, 5),
('2021-12-25', 1, 'Progettazione', 3, 20),
('2020-12-17', 5, 'Progettazione', 4, 37),
('2021-01-02', 6, 'Aggiustaggio', 10, 42),
('2021-01-01', 6, 'Progettazione', 3, 37),
('2020-06-18', 1, 'FresaturaCO', 7, 8),
('2021-10-25', 6, 'Aggiustaggio', 10, 16),
('2020-08-21', 6, 'Progettazione', 4, 6),
('2019-04-23', 6, 'Progettazione', 4, 13),
('2021-01-13', 6, 'Trapano', 10, 42),
('2020-06-21', 5, 'FresaturaSO', 7, 8),
('2019-07-15', 3, 'Trapano', 13, 40),
('2021-04-27', 2, 'Trapano', 12, 45),
('2020-07-13', 7, 'FresaturaCO', 7, 4),
('2020-07-27', 6, 'Trapano', 15, 34),
('2021-02-11', 6, 'Aggiustaggio', 12, 19),
('2020-03-25', 6, 'Aggiustaggio', 12, 9),
('2021-10-22', 4, 'FresaturaSO', 7, 3),
('2020-03-14', 6, 'Trapano', 14, 48),
('2021-11-06', 6, 'Trapano', 14, 16),
('2019-07-04', 6, 'FresaturaSO', 6, 44),
('2019-06-09', 2, 'FresaturaCO', 6, 30),
('2021-06-11', 7, 'FresaturaCO', 9, 23),
('2019-12-07', 6, 'FresaturaSO', 8, 18),
('2019-07-30', 4, 'Progettazione', 1, 44),
('2021-11-26', 5, 'Progettazione', 2, 41),
('2019-06-25', 2, 'Aggiustaggio', 11, 30),
('2019-07-11', 7, 'FresaturaSO', 7, 44),
('2020-08-01', 5, 'FresaturaCO', 7, 34),
('2019-07-13', 1, 'FresaturaSO', 6, 47),
('2019-12-05', 5, 'Trapano', 12, 24),
('2019-04-06', 6, 'FresaturaSO', 8, 13),
('2020-06-14', 7, 'FresaturaSO', 7, 8),
('2019-09-02', 5, 'Trapano', 15, 39),
('2021-02-23', 5, 'FresaturaSO', 9, 46),
('2020-08-11', 3, 'Trapano', 10, 15),
('2021-10-10', 3, 'Progettazione', 3, 3),
('2021-09-17', 3, 'Aggiustaggio', 14, 26),
('2020-02-21', 1, 'FresaturaCO', 6, 17),
('2019-08-18', 1, 'Trapano', 10, 39),
('2019-02-05', 3, 'Aggiustaggio', 10, 5),
('2020-09-02', 3, 'Aggiustaggio', 13, 14),
('2019-11-10', 4, 'Trapano', 13, 18),
('2019-07-17', 3, 'FresaturaSO', 8, 29),
('2020-02-06', 6, 'Trapano', 15, 17),
('2021-09-13', 4, 'Progettazione', 1, 3),
('2019-07-29', 7, 'Progettazione', 2, 44),
('2020-01-13', 2, 'Progettazione', 1, 31),
('2020-11-26', 6, 'FresaturaSO', 9, 43),
('2021-04-28', 7, 'Aggiustaggio', 11, 45),
('2021-02-03', 3, 'Trapano', 14, 19),
('2020-06-30', 6, 'Progettazione', 4, 34),
('2021-01-27', 7, 'FresaturaCO', 6, 11),
('2019-07-11', 3, 'FresaturaSO', 5, 10),
('2019-09-05', 7, 'Trapano', 12, 39),
('2020-06-26', 5, 'Progettazione', 4, 8),
('2020-09-07', 6, 'Trapano', 11, 14),
('2022-01-02', 4, 'Progettazione', 3, 38),
('2020-11-11', 1, 'FresaturaSO', 7, 36),
('2020-01-01', 3, 'Aggiustaggio', 14, 24),
('2021-11-25', 4, 'Progettazione', 4, 16),
('2020-08-21', 5, 'Trapano', 11, 6),
('2020-02-14', 2, 'Aggiustaggio', 10, 31),
('2020-05-04', 3, 'Aggiustaggio', 14, 22),
('2020-02-10', 5, 'FresaturaSO', 9, 31),
('2020-06-27', 7, 'FresaturaCO', 7, 34),
('2020-10-20', 1, 'FresaturaSO', 9, 7),
('2020-07-14', 7, 'Trapano', 15, 1),
('2019-09-09', 7, 'Aggiustaggio', 15, 32),
('2020-09-04', 6, 'Progettazione', 1, 14),
('2019-01-28', 3, 'FresaturaSO', 8, 5),
('2019-12-10', 7, 'Aggiustaggio', 15, 24),
('2021-12-07', 7, 'FresaturaCO', 7, 41),
('2020-03-14', 4, 'Trapano', 11, 48),
('2020-07-20', 4, 'Progettazione', 1, 34),
('2019-08-29', 6, 'Aggiustaggio', 10, 39),
('2021-01-10', 2, 'FresaturaCO', 9, 42),
('2019-07-02', 1, 'Aggiustaggio', 12, 30),
('2019-06-21', 3, 'FresaturaSO', 7, 30),
('2021-12-19', 7, 'FresaturaCO', 9, 20),
('2019-12-21', 6, 'Aggiustaggio', 14, 21),
('2019-10-18', 1, 'FresaturaSO', 9, 32);
INSERT INTO `svolgimento` (`Data`, `OreLavorate`, `NomeAttivita`, `IDdipendente`, `IDprodotto`) VALUES
('2019-04-09', 6, 'FresaturaCO', 6, 35),
('2019-09-27', 2, 'FresaturaCO', 5, 12),
('2019-12-04', 4, 'Progettazione', 4, 21),
('2019-12-04', 3, 'FresaturaSO', 6, 24),
('2021-01-26', 1, 'Aggiustaggio', 13, 42),
('2020-06-13', 2, 'Trapano', 11, 8),
('2019-07-17', 6, 'FresaturaCO', 6, 44),
('2020-05-31', 1, 'FresaturaCO', 8, 22),
('2020-07-12', 2, 'Trapano', 11, 15),
('2019-09-27', 1, 'Progettazione', 1, 25),
('2020-11-27', 1, 'FresaturaCO', 7, 43),
('2021-04-27', 7, 'Aggiustaggio', 11, 45),
('2021-09-09', 2, 'Progettazione', 1, 26),
('2020-10-14', 2, 'Progettazione', 4, 7),
('2019-04-03', 5, 'Trapano', 11, 35),
('2021-10-03', 1, 'Aggiustaggio', 14, 3),
('2021-06-12', 4, 'FresaturaCO', 8, 33),
('2020-10-06', 7, 'Progettazione', 1, 2),
('2020-06-08', 4, 'Aggiustaggio', 13, 22),
('2020-07-15', 3, 'Aggiustaggio', 13, 1),
('2020-05-28', 5, 'FresaturaSO', 8, 22),
('2019-10-14', 2, 'FresaturaCO', 9, 12),
('2019-07-14', 4, 'Progettazione', 4, 29),
('2021-09-23', 3, 'Progettazione', 4, 3),
('2021-11-21', 7, 'FresaturaCO', 7, 20),
('2019-10-20', 7, 'Trapano', 15, 32),
('2019-12-29', 4, 'FresaturaSO', 7, 24),
('2020-03-12', 2, 'Aggiustaggio', 11, 9),
('2020-01-17', 2, 'Aggiustaggio', 15, 31),
('2019-06-27', 1, 'FresaturaCO', 8, 44),
('2020-02-22', 6, 'FresaturaSO', 5, 9),
('2021-08-23', 2, 'Progettazione', 2, 28),
('2021-10-05', 1, 'Aggiustaggio', 11, 28),
('2021-11-03', 6, 'FresaturaCO', 6, 16),
('2019-06-20', 3, 'Trapano', 13, 44),
('2022-01-04', 5, 'FresaturaSO', 6, 38),
('2019-04-03', 2, 'Progettazione', 3, 13),
('2020-07-12', 1, 'FresaturaCO', 6, 15),
('2019-06-14', 6, 'FresaturaCO', 8, 10),
('2019-11-26', 6, 'FresaturaSO', 7, 18),
('2020-09-18', 4, 'Progettazione', 4, 6),
('2021-05-23', 3, 'Progettazione', 2, 33),
('2021-09-14', 4, 'Aggiustaggio', 15, 28),
('2019-12-09', 2, 'FresaturaCO', 5, 18),
('2021-11-10', 4, 'Trapano', 14, 41),
('2020-10-12', 6, 'FresaturaCO', 6, 7),
('2021-03-03', 7, 'Aggiustaggio', 12, 19),
('2019-05-09', 3, 'Aggiustaggio', 12, 13),
('2021-02-15', 7, 'FresaturaCO', 7, 46),
('2020-08-27', 6, 'FresaturaCO', 7, 14),
('2019-05-01', 3, 'FresaturaCO', 6, 13),
('2020-12-10', 2, 'Progettazione', 2, 42),
('2020-06-28', 4, 'FresaturaSO', 6, 1),
('2020-08-10', 5, 'Aggiustaggio', 14, 14),
('2021-09-19', 2, 'FresaturaSO', 7, 26),
('2020-07-11', 2, 'FresaturaSO', 8, 4),
('2019-08-02', 6, 'Progettazione', 1, 44),
('2021-12-05', 5, 'FresaturaCO', 6, 20),
('2019-03-22', 7, 'Progettazione', 2, 13),
('2020-10-02', 4, 'Progettazione', 4, 2),
('2019-07-06', 6, 'FresaturaCO', 5, 30),
('2019-07-09', 4, 'FresaturaCO', 9, 10),
('2021-05-16', 6, 'FresaturaCO', 7, 33),
('2020-10-28', 3, 'FresaturaSO', 6, 43),
('2020-01-19', 1, 'Progettazione', 2, 31),
('2020-08-01', 3, 'FresaturaCO', 8, 15),
('2020-09-28', 1, 'FresaturaSO', 8, 2),
('2019-12-17', 5, 'FresaturaCO', 5, 21),
('2020-05-16', 5, 'Trapano', 10, 27),
('2019-07-18', 4, 'Progettazione', 4, 44),
('2019-10-11', 7, 'Trapano', 15, 32),
('2021-02-10', 1, 'FresaturaSO', 5, 46),
('2020-06-03', 7, 'Trapano', 15, 4),
('2020-07-04', 5, 'FresaturaCO', 5, 4),
('2020-05-17', 3, 'Trapano', 15, 49),
('2019-04-06', 2, 'FresaturaCO', 9, 13),
('2021-09-06', 4, 'Aggiustaggio', 12, 26),
('2021-03-06', 6, 'Progettazione', 1, 19),
('2019-10-04', 1, 'FresaturaCO', 8, 25),
('2019-11-19', 4, 'Trapano', 14, 18),
('2020-12-03', 3, 'FresaturaSO', 7, 50),
('2020-06-05', 1, 'FresaturaSO', 9, 22),
('2021-11-12', 4, 'Trapano', 13, 41),
('2019-09-20', 1, 'Progettazione', 2, 32),
('2021-04-20', 6, 'Aggiustaggio', 14, 45),
('2021-02-22', 1, 'Progettazione', 4, 19),
('2019-07-21', 7, 'FresaturaSO', 5, 29),
('2020-06-24', 4, 'Aggiustaggio', 15, 8),
('2020-07-03', 2, 'Trapano', 10, 34),
('2020-11-16', 2, 'Aggiustaggio', 12, 7),
('2019-10-22', 6, 'FresaturaSO', 9, 32),
('2019-08-23', 4, 'Aggiustaggio', 13, 29),
('2020-05-28', 3, 'Progettazione', 2, 22),
('2021-09-11', 2, 'FresaturaSO', 8, 3),
('2020-08-10', 7, 'Trapano', 12, 14),
('2021-09-07', 7, 'Aggiustaggio', 13, 26),
('2021-12-06', 7, 'Aggiustaggio', 13, 20),
('2019-04-16', 6, 'FresaturaCO', 6, 13),
('2019-06-09', 1, 'Aggiustaggio', 13, 44),
('2022-01-29', 5, 'Progettazione', 1, 38),
('2020-12-04', 2, 'FresaturaSO', 9, 50),
('2020-01-27', 5, 'Aggiustaggio', 10, 31),
('2019-07-12', 7, 'FresaturaSO', 9, 47),
('2020-10-20', 2, 'FresaturaCO', 5, 7),
('2020-03-23', 7, 'Aggiustaggio', 13, 9),
('2021-09-23', 3, 'FresaturaSO', 7, 28),
('2019-07-12', 1, 'Progettazione', 3, 10),
('2021-12-16', 3, 'Aggiustaggio', 12, 20),
('2020-05-07', 5, 'Trapano', 14, 49),
('2021-03-04', 5, 'Trapano', 15, 19),
('2020-01-05', 1, 'Trapano', 12, 31),
('2019-09-26', 6, 'FresaturaSO', 5, 12),
('2021-12-19', 6, 'Progettazione', 3, 38),
('2020-12-18', 3, 'FresaturaSO', 7, 42),
('2020-08-05', 7, 'FresaturaCO', 8, 15),
('2019-03-30', 4, 'Trapano', 15, 13),
('2020-02-05', 1, 'FresaturaCO', 8, 17),
('2019-04-27', 3, 'Progettazione', 1, 13),
('2019-10-31', 3, 'Trapano', 13, 12),
('2021-09-13', 4, 'Trapano', 12, 26),
('2020-05-31', 1, 'FresaturaCO', 5, 8),
('2020-01-08', 1, 'Trapano', 12, 21),
('2020-11-02', 6, 'FresaturaCO', 5, 50),
('2020-01-30', 3, 'FresaturaSO', 6, 31),
('2019-08-28', 3, 'Trapano', 10, 25),
('2022-01-20', 1, 'FresaturaCO', 6, 38),
('2019-02-16', 5, 'FresaturaSO', 9, 5),
('2020-09-09', 4, 'FresaturaCO', 7, 14),
('2019-06-18', 5, 'Trapano', 10, 30),
('2020-10-25', 1, 'Trapano', 15, 7),
('2019-06-10', 3, 'FresaturaCO', 9, 44),
('2020-07-31', 2, 'FresaturaSO', 8, 15),
('2021-10-21', 2, 'FresaturaSO', 7, 3),
('2020-02-08', 2, 'FresaturaCO', 5, 31),
('2021-11-26', 5, 'Progettazione', 1, 16),
('2021-12-28', 7, 'Progettazione', 4, 20),
('2021-01-24', 5, 'FresaturaCO', 8, 42),
('2019-07-14', 6, 'Aggiustaggio', 11, 10),
('2020-07-03', 2, 'Progettazione', 1, 34),
('2020-01-19', 5, 'Progettazione', 4, 31),
('2019-05-01', 3, 'Progettazione', 2, 13),
('2019-08-02', 6, 'Trapano', 12, 40),
('2021-01-16', 3, 'FresaturaSO', 8, 42),
('2020-06-26', 3, 'Aggiustaggio', 10, 34),
('2020-02-04', 6, 'Progettazione', 1, 17),
('2020-11-14', 7, 'Trapano', 14, 36),
('2021-09-15', 7, 'Trapano', 15, 3),
('2021-06-02', 6, 'Trapano', 13, 33),
('2020-10-30', 1, 'Trapano', 12, 36),
('2019-07-01', 7, 'Trapano', 11, 30),
('2021-06-14', 1, 'Aggiustaggio', 11, 23),
('2019-08-01', 2, 'Progettazione', 4, 39),
('2019-02-20', 7, 'Progettazione', 3, 5),
('2021-01-20', 5, 'Progettazione', 3, 46),
('2020-02-12', 7, 'FresaturaCO', 5, 17),
('2020-02-15', 4, 'Trapano', 13, 31),
('2019-07-01', 2, 'Progettazione', 4, 44),
('2019-09-16', 1, 'Aggiustaggio', 12, 32),
('2021-09-19', 1, 'Aggiustaggio', 15, 26),
('2020-06-10', 7, 'FresaturaCO', 7, 22),
('2020-08-23', 5, 'FresaturaSO', 6, 6),
('2020-06-18', 5, 'Aggiustaggio', 14, 8),
('2021-05-26', 6, 'FresaturaSO', 6, 33),
('2020-01-20', 4, 'Progettazione', 4, 31),
('2021-02-09', 6, 'FresaturaCO', 9, 11),
('2021-10-06', 4, 'Trapano', 10, 3),
('2020-10-12', 2, 'Trapano', 13, 2),
('2019-09-29', 3, 'Aggiustaggio', 14, 12),
('2019-06-23', 1, 'Trapano', 15, 10),
('2021-08-23', 1, 'FresaturaCO', 9, 26),
('2020-03-28', 2, 'Aggiustaggio', 13, 9),
('2019-10-30', 7, 'Aggiustaggio', 14, 12),
('2020-07-01', 3, 'Progettazione', 1, 4),
('2019-06-28', 1, 'Aggiustaggio', 14, 30),
('2020-02-06', 1, 'Aggiustaggio', 15, 31),
('2021-02-13', 5, 'FresaturaCO', 9, 19),
('2021-02-06', 2, 'Progettazione', 4, 46),
('2020-11-02', 3, 'FresaturaSO', 9, 36),
('2020-08-24', 7, 'FresaturaSO', 5, 6),
('2020-07-10', 1, 'Trapano', 10, 4),
('2020-06-25', 1, 'Aggiustaggio', 13, 4),
('2019-09-11', 7, 'Trapano', 10, 32),
('2019-10-16', 3, 'Progettazione', 1, 12),
('2020-05-27', 4, 'FresaturaCO', 6, 49),
('2020-12-20', 7, 'Trapano', 10, 37),
('2020-03-12', 5, 'Aggiustaggio', 13, 9),
('2020-05-06', 7, 'FresaturaCO', 7, 22),
('2021-12-27', 3, 'Trapano', 13, 38),
('2020-09-21', 2, 'Progettazione', 4, 6),
('2020-07-22', 6, 'FresaturaSO', 8, 15),
('2021-11-20', 1, 'Trapano', 11, 16),
('2021-05-25', 2, 'Trapano', 12, 33),
('2022-01-12', 1, 'Aggiustaggio', 14, 38),
('2020-06-21', 7, 'Aggiustaggio', 13, 8),
('2019-06-12', 5, 'Progettazione', 2, 44),
('2019-12-10', 6, 'FresaturaSO', 6, 24),
('2020-05-10', 7, 'Progettazione', 2, 49),
('2020-10-30', 4, 'Trapano', 13, 2),
('2019-01-29', 5, 'FresaturaCO', 7, 5),
('2020-11-08', 1, 'Aggiustaggio', 13, 7),
('2019-08-20', 5, 'FresaturaSO', 9, 39),
('2019-03-16', 7, 'FresaturaCO', 8, 35),
('2019-11-14', 7, 'Aggiustaggio', 15, 12),
('2019-11-25', 4, 'Trapano', 13, 18),
('2019-12-27', 1, 'Progettazione', 2, 24),
('2020-05-11', 2, 'FresaturaSO', 6, 22),
('2021-01-19', 5, 'Trapano', 10, 46),
('2019-12-29', 7, 'FresaturaSO', 8, 24),
('2020-01-27', 1, 'Aggiustaggio', 12, 31),
('2020-11-11', 6, 'Trapano', 12, 50),
('2019-08-04', 6, 'FresaturaSO', 9, 29),
('2019-12-11', 6, 'FresaturaCO', 9, 18),
('2020-06-28', 5, 'FresaturaCO', 8, 1),
('2020-04-01', 5, 'Progettazione', 3, 48),
('2020-04-08', 6, 'FresaturaSO', 9, 48),
('2021-02-16', 1, 'FresaturaCO', 7, 11),
('2021-03-02', 1, 'FresaturaCO', 9, 19),
('2019-12-12', 2, 'Trapano', 14, 24),
('2020-10-28', 1, 'Trapano', 13, 36),
('2022-01-02', 5, 'Aggiustaggio', 12, 20),
('2021-11-06', 5, 'FresaturaSO', 8, 16),
('2019-07-25', 2, 'FresaturaCO', 7, 47),
('2020-08-09', 5, 'Aggiustaggio', 14, 14),
('2020-06-25', 2, 'Trapano', 15, 4),
('2020-05-31', 6, 'Aggiustaggio', 10, 27),
('2019-09-20', 3, 'Trapano', 14, 32),
('2020-10-22', 5, 'Trapano', 12, 7),
('2020-07-21', 2, 'FresaturaCO', 5, 34),
('2020-05-15', 2, 'Trapano', 13, 49),
('2019-12-13', 3, 'FresaturaSO', 7, 21),
('2019-04-14', 1, 'FresaturaSO', 8, 35),
('2021-10-02', 6, 'FresaturaCO', 8, 28),
('2019-08-12', 3, 'FresaturaCO', 7, 39),
('2020-07-14', 6, 'FresaturaSO', 7, 15),
('2019-08-19', 5, 'Progettazione', 4, 47),
('2020-08-16', 2, 'Trapano', 13, 15),
('2019-07-29', 3, 'Aggiustaggio', 15, 44),
('2020-06-10', 2, 'FresaturaSO', 6, 49),
('2020-10-24', 1, 'Progettazione', 2, 36),
('2020-02-19', 2, 'Progettazione', 3, 17),
('2020-02-07', 1, 'FresaturaSO', 9, 17),
('2019-06-28', 1, 'Progettazione', 4, 44),
('2020-10-24', 3, 'FresaturaCO', 8, 43),
('2020-11-05', 5, 'Trapano', 12, 50),
('2020-07-18', 4, 'FresaturaCO', 7, 1),
('2021-05-17', 3, 'Aggiustaggio', 13, 45),
('2020-06-03', 1, 'Aggiustaggio', 10, 22),
('2021-11-11', 1, 'FresaturaCO', 9, 41),
('2019-06-26', 6, 'FresaturaSO', 7, 10),
('2021-05-19', 3, 'FresaturaCO', 9, 23),
('2019-04-14', 6, 'Progettazione', 4, 35),
('2020-08-28', 2, 'Aggiustaggio', 15, 14),
('2020-01-18', 3, 'Progettazione', 1, 21),
('2021-09-05', 5, 'FresaturaSO', 5, 3),
('2020-10-30', 5, 'FresaturaSO', 6, 7),
('2020-07-01', 4, 'Aggiustaggio', 12, 1),
('2021-05-12', 1, 'FresaturaCO', 6, 45),
('2021-05-16', 3, 'FresaturaSO', 6, 45),
('2019-11-11', 5, 'Aggiustaggio', 13, 12),
('2019-08-25', 4, 'Trapano', 13, 39),
('2020-07-09', 6, 'FresaturaCO', 5, 34),
('2019-10-03', 1, 'FresaturaSO', 8, 25),
('2021-02-13', 2, 'FresaturaSO', 9, 19),
('2021-02-28', 7, 'FresaturaCO', 5, 19),
('2019-09-18', 1, 'FresaturaCO', 8, 32),
('2021-02-17', 2, 'FresaturaCO', 6, 11),
('2021-02-25', 5, 'Progettazione', 3, 19),
('2020-05-10', 4, 'Trapano', 10, 27),
('2020-11-07', 7, 'Progettazione', 1, 50),
('2020-12-15', 1, 'FresaturaCO', 7, 37),
('2020-04-23', 5, 'FresaturaCO', 9, 27),
('2019-06-23', 4, 'Trapano', 11, 10),
('2021-11-07', 7, 'Trapano', 10, 16),
('2021-12-09', 4, 'Trapano', 10, 41),
('2020-03-17', 5, 'FresaturaCO', 7, 9),
('2021-06-07', 1, 'FresaturaCO', 9, 33),
('2020-12-10', 3, 'Trapano', 15, 42),
('2020-08-27', 6, 'FresaturaSO', 7, 6),
('2021-02-09', 7, 'FresaturaCO', 8, 46),
('2021-02-14', 2, 'FresaturaCO', 6, 46),
('2020-02-11', 7, 'Trapano', 12, 9),
('2019-07-26', 2, 'FresaturaCO', 5, 47),
('2019-04-24', 7, 'Aggiustaggio', 13, 35),
('2020-06-27', 7, 'Aggiustaggio', 15, 8),
('2021-09-22', 1, 'Trapano', 14, 3),
('2019-05-03', 3, 'Progettazione', 4, 13),
('2020-10-25', 5, 'FresaturaSO', 7, 2),
('2020-06-09', 7, 'FresaturaCO', 9, 49),
('2020-12-04', 2, 'FresaturaSO', 5, 50),
('2022-01-02', 6, 'Aggiustaggio', 13, 38),
('2020-07-15', 7, 'Trapano', 12, 15),
('2020-06-27', 4, 'Trapano', 11, 1),
('2021-10-09', 5, 'Progettazione', 1, 3),
('2022-01-31', 6, 'Trapano', 12, 38),
('2021-05-19', 7, 'Progettazione', 3, 23),
('2019-07-18', 4, 'Trapano', 12, 29),
('2020-06-24', 5, 'Aggiustaggio', 14, 34),
('2020-11-05', 1, 'Progettazione', 3, 36),
('2020-11-16', 5, 'Trapano', 14, 50),
('2021-10-27', 6, 'Aggiustaggio', 11, 3),
('2019-12-31', 1, 'Trapano', 11, 21),
('2020-08-23', 3, 'FresaturaSO', 7, 6),
('2020-07-01', 2, 'Progettazione', 1, 1),
('2020-06-21', 4, 'FresaturaSO', 8, 8),
('2021-12-19', 2, 'Trapano', 12, 41),
('2020-01-17', 1, 'Aggiustaggio', 13, 31),
('2020-06-22', 1, 'Trapano', 11, 49),
('2021-01-23', 1, 'Trapano', 10, 11),
('2019-08-01', 4, 'FresaturaSO', 9, 29),
('2021-08-28', 7, 'FresaturaSO', 8, 26),
('2019-12-14', 7, 'Trapano', 14, 18),
('2020-01-13', 5, 'Progettazione', 1, 31),
('2019-12-27', 5, 'Progettazione', 4, 24),
('2020-06-27', 2, 'Progettazione', 1, 34),
('2019-09-02', 6, 'FresaturaSO', 5, 25),
('2019-08-16', 3, 'FresaturaSO', 6, 39),
('2020-05-24', 1, 'FresaturaCO', 7, 49),
('2019-11-14', 7, 'FresaturaSO', 7, 12),
('2019-03-26', 5, 'Progettazione', 4, 35),
('2021-12-29', 6, 'FresaturaCO', 8, 38),
('2020-02-01', 2, 'Progettazione', 3, 31),
('2022-01-18', 1, 'Aggiustaggio', 13, 38),
('2019-08-06', 1, 'Progettazione', 1, 39),
('2020-12-01', 3, 'Trapano', 15, 43),
('2021-10-23', 3, 'FresaturaCO', 6, 16),
('2019-08-08', 4, 'Progettazione', 3, 47),
('2021-08-29', 5, 'FresaturaCO', 8, 26),
('2021-09-04', 4, 'Aggiustaggio', 15, 3),
('2020-06-27', 5, 'Progettazione', 1, 4),
('2021-10-08', 1, 'Trapano', 10, 3),
('2021-05-09', 5, 'Trapano', 15, 45),
('2019-06-23', 6, 'FresaturaCO', 6, 40),
('2021-02-12', 5, 'Aggiustaggio', 13, 11),
('2021-05-24', 5, 'FresaturaCO', 9, 45),
('2022-01-01', 6, 'FresaturaSO', 8, 20),
('2019-12-01', 4, 'Progettazione', 3, 18),
('2020-10-26', 3, 'FresaturaCO', 9, 50),
('2019-09-28', 1, 'Aggiustaggio', 14, 12),
('2020-12-17', 4, 'Aggiustaggio', 12, 37),
('2019-10-21', 6, 'FresaturaSO', 6, 12),
('2021-12-18', 3, 'Aggiustaggio', 13, 41),
('2019-01-30', 5, 'FresaturaCO', 8, 5),
('2020-03-12', 3, 'Progettazione', 1, 48),
('2021-05-13', 6, 'Trapano', 10, 33),
('2021-04-30', 4, 'Trapano', 12, 45),
('2019-02-06', 6, 'Trapano', 10, 5),
('2019-01-23', 1, 'Progettazione', 4, 5),
('2020-05-27', 5, 'Trapano', 13, 49),
('2020-07-12', 7, 'FresaturaCO', 6, 34),
('2020-07-22', 2, 'FresaturaSO', 8, 15),
('2019-01-25', 4, 'FresaturaSO', 5, 5),
('2019-06-20', 3, 'Aggiustaggio', 11, 40),
('2020-07-18', 2, 'Aggiustaggio', 11, 1),
('2021-02-18', 7, 'FresaturaCO', 5, 11),
('2019-09-09', 7, 'FresaturaCO', 8, 32),
('2020-07-12', 4, 'Progettazione', 4, 4),
('2019-08-15', 4, 'FresaturaSO', 8, 29),
('2020-10-02', 4, 'FresaturaCO', 9, 2),
('2020-02-06', 5, 'Progettazione', 2, 17),
('2020-06-27', 5, 'Aggiustaggio', 12, 15),
('2020-06-16', 7, 'FresaturaSO', 5, 4),
('2021-12-05', 6, 'FresaturaCO', 7, 16),
('2019-07-11', 6, 'Progettazione', 4, 30),
('2020-01-17', 2, 'Progettazione', 4, 21),
('2019-07-23', 1, 'Progettazione', 4, 30),
('2020-10-21', 1, 'Progettazione', 3, 2),
('2020-07-22', 2, 'Trapano', 14, 1),
('2020-01-06', 7, 'Trapano', 11, 17),
('2021-06-20', 4, 'Progettazione', 4, 33),
('2019-12-24', 3, 'Trapano', 15, 21),
('2020-07-20', 2, 'Aggiustaggio', 11, 1),
('2019-10-07', 4, 'Trapano', 14, 32),
('2020-01-18', 1, 'Trapano', 14, 17),
('2020-05-23', 4, 'FresaturaSO', 6, 49),
('2021-05-11', 6, 'Progettazione', 1, 23),
('2020-01-10', 6, 'Aggiustaggio', 10, 21),
('2020-03-28', 4, 'Aggiustaggio', 11, 48),
('2020-02-15', 3, 'Trapano', 12, 9),
('2021-08-27', 5, 'Trapano', 14, 28),
('2019-08-12', 2, 'Aggiustaggio', 11, 39),
('2020-11-30', 7, 'Progettazione', 2, 37),
('2020-11-09', 7, 'Progettazione', 3, 36),
('2020-06-08', 1, 'FresaturaCO', 7, 22),
('2019-06-18', 4, 'FresaturaSO', 8, 30),
('2020-12-26', 5, 'Progettazione', 4, 37),
('2019-10-18', 7, 'Aggiustaggio', 13, 12),
('2020-10-28', 6, 'FresaturaSO', 6, 36),
('2019-06-30', 1, 'Trapano', 14, 30),
('2020-10-28', 6, 'Aggiustaggio', 13, 2),
('2021-12-21', 7, 'FresaturaCO', 6, 38),
('2021-09-05', 1, 'Aggiustaggio', 15, 3),
('2020-05-24', 4, 'FresaturaCO', 5, 22),
('2020-10-20', 5, 'Progettazione', 3, 7),
('2020-05-05', 5, 'Aggiustaggio', 10, 27),
('2021-01-01', 6, 'Progettazione', 1, 37),
('2021-01-24', 6, 'FresaturaCO', 7, 46),
('2021-12-10', 6, 'Aggiustaggio', 15, 41),
('2020-07-26', 2, 'Trapano', 10, 1),
('2020-04-05', 2, 'FresaturaSO', 7, 48),
('2020-08-14', 7, 'Aggiustaggio', 10, 14),
('2019-11-04', 7, 'FresaturaSO', 7, 18),
('2020-03-05', 2, 'Progettazione', 3, 48),
('2021-03-17', 3, 'Aggiustaggio', 15, 19),
('2021-12-05', 5, 'FresaturaCO', 7, 41),
('2020-11-01', 5, 'Aggiustaggio', 13, 2),
('2019-07-14', 1, 'FresaturaCO', 8, 40),
('2020-06-13', 3, 'FresaturaSO', 7, 22),
('2021-02-24', 7, 'Progettazione', 2, 19),
('2019-10-20', 1, 'Progettazione', 4, 12),
('2021-12-19', 3, 'FresaturaSO', 8, 38),
('2020-07-07', 7, 'Progettazione', 2, 4),
('2020-05-14', 1, 'FresaturaSO', 7, 22),
('2019-07-19', 2, 'Aggiustaggio', 14, 30),
('2021-03-03', 6, 'Progettazione', 4, 46),
('2020-07-09', 5, 'Aggiustaggio', 15, 15),
('2019-10-07', 5, 'FresaturaCO', 6, 32),
('2019-12-23', 4, 'Aggiustaggio', 10, 21),
('2019-09-21', 6, 'Aggiustaggio', 13, 32),
('2020-05-17', 6, 'Trapano', 15, 27),
('2020-04-09', 3, 'Aggiustaggio', 10, 9),
('2019-12-07', 5, 'Trapano', 15, 24),
('2021-06-10', 3, 'Trapano', 15, 23),
('2020-07-26', 6, 'FresaturaCO', 8, 1),
('2019-12-05', 6, 'FresaturaSO', 6, 24),
('2019-07-21', 3, 'FresaturaCO', 7, 47),
('2019-06-08', 7, 'FresaturaSO', 6, 10),
('2021-10-30', 3, 'Aggiustaggio', 13, 3),
('2019-12-27', 6, 'FresaturaSO', 8, 21),
('2021-12-21', 5, 'Progettazione', 1, 38),
('2020-12-25', 6, 'FresaturaSO', 8, 37),
('2020-11-08', 1, 'Trapano', 10, 43),
('2020-06-06', 3, 'Aggiustaggio', 10, 22),
('2021-06-06', 2, 'FresaturaSO', 7, 23),
('2019-03-08', 7, 'Aggiustaggio', 10, 35),
('2020-03-11', 4, 'Trapano', 12, 9),
('2021-12-09', 6, 'FresaturaCO', 7, 41),
('2019-12-18', 3, 'Aggiustaggio', 12, 24),
('2019-11-24', 6, 'FresaturaCO', 7, 18),
('2019-07-24', 6, 'Trapano', 14, 30),
('2021-09-17', 3, 'FresaturaSO', 6, 28),
('2019-06-13', 1, 'Aggiustaggio', 15, 30),
('2021-02-01', 1, 'FresaturaSO', 7, 19),
('2019-07-10', 1, 'FresaturaCO', 7, 10),
('2020-01-17', 7, 'Progettazione', 4, 17),
('2019-06-06', 6, 'Progettazione', 4, 44),
('2021-09-18', 5, 'Progettazione', 2, 26),
('2019-06-06', 6, 'Trapano', 15, 44),
('2019-09-06', 1, 'FresaturaCO', 7, 39),
('2020-11-01', 4, 'Trapano', 11, 36),
('2020-05-12', 3, 'Trapano', 15, 49),
('2020-12-27', 1, 'Progettazione', 3, 37),
('2021-12-12', 5, 'Trapano', 12, 41),
('2020-05-28', 4, 'Trapano', 13, 27),
('2021-12-07', 7, 'FresaturaCO', 8, 16),
('2020-08-01', 7, 'FresaturaSO', 7, 15),
('2020-10-17', 3, 'Trapano', 15, 36),
('2021-11-19', 5, 'FresaturaCO', 9, 16),
('2021-02-02', 3, 'Aggiustaggio', 13, 46),
('2021-02-06', 3, 'Aggiustaggio', 10, 19),
('2021-02-20', 4, 'FresaturaSO', 6, 19),
('2021-09-24', 7, 'FresaturaSO', 8, 26),
('2021-11-09', 7, 'FresaturaSO', 8, 41),
('2021-10-25', 5, 'FresaturaSO', 6, 3),
('2020-08-26', 5, 'Trapano', 10, 14),
('2019-04-02', 3, 'Aggiustaggio', 13, 13),
('2020-05-23', 4, 'Progettazione', 1, 22),
('2019-07-01', 4, 'FresaturaSO', 8, 40),
('2020-10-07', 2, 'FresaturaCO', 8, 2),
('2020-08-26', 1, 'Trapano', 15, 6),
('2021-12-22', 6, 'FresaturaSO', 7, 38),
('2021-11-13', 3, 'FresaturaCO', 8, 16),
('2022-01-12', 4, 'FresaturaSO', 5, 38),
('2019-07-27', 6, 'Aggiustaggio', 11, 47),
('2019-07-17', 5, 'FresaturaSO', 6, 30),
('2021-03-02', 3, 'Aggiustaggio', 13, 19),
('2021-05-27', 1, 'FresaturaCO', 6, 33),
('2021-01-02', 4, 'FresaturaCO', 8, 37),
('2021-05-26', 2, 'Progettazione', 2, 33),
('2021-02-20', 1, 'Progettazione', 4, 46),
('2020-06-17', 1, 'Progettazione', 2, 4),
('2019-11-26', 4, 'Trapano', 13, 24),
('2019-07-09', 6, 'Progettazione', 1, 47),
('2020-03-22', 5, 'Aggiustaggio', 14, 9),
('2019-07-13', 4, 'Aggiustaggio', 15, 47),
('2019-07-18', 2, 'Trapano', 14, 30),
('2019-06-18', 1, 'FresaturaCO', 5, 30),
('2021-11-22', 1, 'FresaturaCO', 6, 41),
('2021-11-12', 2, 'Trapano', 15, 41),
('2021-12-31', 3, 'FresaturaSO', 7, 38),
('2021-09-17', 4, 'FresaturaCO', 8, 26),
('2020-07-20', 7, 'FresaturaCO', 5, 15),
('2019-04-15', 3, 'Progettazione', 4, 13),
('2021-09-09', 5, 'FresaturaSO', 8, 28),
('2019-07-10', 3, 'FresaturaSO', 6, 40),
('2021-12-04', 3, 'FresaturaSO', 7, 20),
('2020-10-11', 3, 'Progettazione', 3, 2),
('2019-06-11', 4, 'FresaturaCO', 9, 44),
('2020-08-10', 5, 'Progettazione', 2, 14),
('2019-09-28', 6, 'Progettazione', 4, 25),
('2021-01-01', 4, 'Progettazione', 4, 42),
('2020-07-29', 1, 'FresaturaSO', 9, 34),
('2022-02-08', 6, 'Aggiustaggio', 14, 38),
('2020-07-17', 6, 'FresaturaSO', 6, 15),
('2021-01-14', 4, 'Progettazione', 3, 42),
('2020-11-29', 5, 'FresaturaCO', 9, 37),
('2021-09-22', 3, 'Progettazione', 3, 26),
('2021-10-04', 1, 'Progettazione', 2, 3),
('2021-01-31', 6, 'Progettazione', 2, 19),
('2019-07-07', 4, 'Trapano', 14, 10),
('2021-06-06', 3, 'FresaturaSO', 7, 33),
('2021-03-11', 6, 'FresaturaSO', 9, 19),
('2020-12-01', 4, 'FresaturaSO', 8, 43),
('2021-11-18', 1, 'Progettazione', 4, 16),
('2019-05-07', 1, 'Aggiustaggio', 12, 13),
('2019-12-05', 3, 'Progettazione', 4, 18),
('2019-06-18', 3, 'FresaturaCO', 7, 40),
('2020-03-03', 2, 'Progettazione', 2, 9),
('2020-08-05', 2, 'FresaturaSO', 7, 34),
('2020-05-30', 1, 'FresaturaSO', 7, 22),
('2020-11-19', 4, 'Trapano', 10, 43),
('2019-09-27', 1, 'Progettazione', 4, 25),
('2020-01-08', 4, 'Progettazione', 3, 31),
('2020-11-10', 7, 'FresaturaSO', 6, 36),
('2020-11-11', 7, 'Progettazione', 4, 36),
('2020-06-29', 3, 'Aggiustaggio', 14, 4),
('2020-10-30', 2, 'FresaturaSO', 5, 7),
('2021-09-16', 5, 'Aggiustaggio', 10, 26),
('2020-11-04', 3, 'Aggiustaggio', 10, 36),
('2019-12-07', 4, 'FresaturaSO', 9, 18),
('2021-10-08', 4, 'Progettazione', 1, 3),
('2019-07-12', 6, 'Progettazione', 1, 10),
('2019-08-15', 7, 'FresaturaSO', 7, 39),
('2019-09-03', 7, 'FresaturaCO', 8, 39),
('2020-02-14', 7, 'FresaturaCO', 8, 17),
('2019-07-30', 6, 'FresaturaSO', 6, 44),
('2019-10-27', 4, 'FresaturaSO', 5, 12),
('2021-09-16', 6, 'Progettazione', 4, 3),
('2021-01-04', 7, 'FresaturaCO', 7, 42),
('2019-07-07', 3, 'Aggiustaggio', 11, 47),
('2020-06-30', 4, 'Trapano', 12, 1),
('2021-01-31', 7, 'Trapano', 10, 19),
('2021-06-13', 4, 'FresaturaCO', 9, 33),
('2021-12-30', 7, 'FresaturaSO', 8, 38),
('2020-04-02', 5, 'FresaturaSO', 9, 9),
('2021-09-07', 1, 'FresaturaSO', 7, 26),
('2020-09-09', 2, 'FresaturaCO', 7, 14),
('2021-10-02', 4, 'FresaturaCO', 9, 28),
('2021-09-20', 6, 'Trapano', 10, 3),
('2020-01-21', 6, 'FresaturaSO', 5, 31),
('2019-02-11', 7, 'Aggiustaggio', 10, 5),
('2020-04-03', 7, 'Progettazione', 1, 9),
('2021-09-07', 3, 'Trapano', 14, 28),
('2020-11-02', 6, 'Trapano', 13, 2),
('2020-11-08', 1, 'Aggiustaggio', 10, 50),
('2020-09-09', 3, 'Aggiustaggio', 12, 6),
('2022-01-26', 4, 'FresaturaSO', 8, 38),
('2019-06-25', 4, 'Progettazione', 3, 40),
('2020-07-12', 6, 'Progettazione', 2, 34),
('2020-10-29', 1, 'FresaturaSO', 5, 43),
('2019-07-28', 7, 'Progettazione', 3, 47),
('2020-11-14', 7, 'Trapano', 13, 7),
('2020-04-03', 5, 'FresaturaCO', 6, 9),
('2020-10-21', 3, 'FresaturaCO', 9, 7),
('2021-12-21', 2, 'FresaturaCO', 8, 20),
('2020-03-27', 1, 'Aggiustaggio', 14, 48),
('2021-11-16', 4, 'Trapano', 14, 16),
('2019-04-14', 5, 'FresaturaCO', 5, 13),
('2020-11-30', 6, 'Aggiustaggio', 11, 43),
('2021-02-03', 6, 'Progettazione', 4, 11),
('2019-10-20', 4, 'FresaturaCO', 8, 12),
('2019-08-01', 1, 'Trapano', 11, 29),
('2020-09-14', 6, 'FresaturaSO', 5, 14),
('2020-05-31', 1, 'Aggiustaggio', 10, 8),
('2020-01-31', 2, 'FresaturaSO', 9, 17),
('2021-08-22', 2, 'Aggiustaggio', 11, 26),
('2020-06-08', 4, 'FresaturaCO', 8, 4),
('2021-04-20', 4, 'FresaturaCO', 9, 45),
('2020-10-15', 3, 'FresaturaCO', 9, 36),
('2020-10-17', 5, 'Aggiustaggio', 12, 2),
('2020-05-30', 1, 'FresaturaSO', 9, 4),
('2019-11-11', 3, 'FresaturaCO', 9, 18),
('2020-05-01', 5, 'Aggiustaggio', 12, 22),
('2019-03-17', 7, 'Trapano', 15, 35),
('2019-07-26', 3, 'Aggiustaggio', 12, 40),
('2020-10-01', 2, 'FresaturaSO', 8, 2),
('2021-01-15', 4, 'FresaturaSO', 6, 46),
('2021-02-13', 5, 'FresaturaSO', 7, 19),
('2020-08-01', 1, 'Trapano', 11, 34),
('2020-11-08', 7, 'Aggiustaggio', 10, 50),
('2021-05-03', 3, 'Aggiustaggio', 10, 45),
('2020-10-31', 6, 'FresaturaCO', 5, 43),
('2020-07-02', 3, 'Trapano', 11, 1),
('2020-12-27', 2, 'Aggiustaggio', 11, 37),
('2020-09-24', 7, 'FresaturaCO', 5, 6),
('2019-02-28', 4, 'FresaturaSO', 9, 35),
('2020-11-10', 7, 'Trapano', 11, 50),
('2019-07-23', 4, 'FresaturaCO', 9, 29),
('2019-08-09', 4, 'Aggiustaggio', 15, 47),
('2020-08-17', 5, 'FresaturaSO', 7, 15),
('2020-08-12', 5, 'FresaturaCO', 8, 14),
('2019-08-27', 2, 'Aggiustaggio', 11, 39),
('2020-06-12', 6, 'FresaturaCO', 6, 4),
('2021-12-16', 1, 'FresaturaCO', 8, 38),
('2020-05-08', 7, 'Trapano', 12, 27),
('2019-11-07', 7, 'FresaturaCO', 8, 18),
('2021-02-05', 2, 'FresaturaSO', 9, 46),
('2020-07-10', 4, 'Trapano', 12, 34),
('2022-01-30', 3, 'Aggiustaggio', 10, 38),
('2019-10-12', 1, 'Aggiustaggio', 11, 12),
('2019-12-17', 5, 'Trapano', 12, 21),
('2020-08-17', 5, 'Progettazione', 3, 14),
('2019-11-06', 6, 'Progettazione', 1, 18),
('2021-03-01', 3, 'Progettazione', 2, 46),
('2019-04-09', 2, 'Trapano', 15, 13),
('2021-11-09', 6, 'Progettazione', 3, 16),
('2020-06-15', 1, 'Trapano', 10, 4),
('2021-06-07', 4, 'Trapano', 13, 23),
('2019-12-16', 4, 'FresaturaCO', 9, 21),
('2020-10-15', 5, 'FresaturaSO', 9, 7),
('2020-07-14', 1, 'Progettazione', 3, 34),
('2020-06-02', 3, 'Trapano', 10, 4),
('2019-09-26', 1, 'FresaturaSO', 8, 25),
('2019-08-02', 3, 'Aggiustaggio', 14, 29),
('2020-01-14', 1, 'FresaturaCO', 9, 31),
('2019-03-04', 5, 'Aggiustaggio', 14, 35),
('2020-03-24', 4, 'FresaturaSO', 6, 9),
('2020-12-22', 2, 'Aggiustaggio', 11, 37),
('2021-06-07', 7, 'Trapano', 10, 33),
('2020-12-29', 6, 'Trapano', 12, 42),
('2020-12-17', 7, 'Progettazione', 1, 37),
('2019-12-11', 4, 'Progettazione', 1, 18),
('2020-01-07', 7, 'Trapano', 11, 17),
('2020-12-27', 1, 'Aggiustaggio', 11, 42),
('2019-02-27', 5, 'FresaturaCO', 9, 35),
('2019-11-04', 2, 'FresaturaSO', 5, 18),
('2021-05-24', 4, 'Aggiustaggio', 11, 23),
('2020-10-28', 4, 'Aggiustaggio', 10, 2),
('2021-04-29', 7, 'FresaturaCO', 6, 45),
('2021-02-03', 1, 'Progettazione', 1, 46),
('2020-06-01', 3, 'Aggiustaggio', 11, 8),
('2019-09-08', 5, 'FresaturaSO', 8, 32),
('2019-04-23', 4, 'FresaturaCO', 5, 35),
('2021-09-01', 3, 'Trapano', 11, 28),
('2019-08-02', 1, 'Aggiustaggio', 14, 47),
('2021-02-12', 1, 'Progettazione', 3, 19),
('2020-08-11', 2, 'Trapano', 14, 14),
('2019-08-19', 3, 'FresaturaSO', 8, 39),
('2019-11-16', 7, 'Trapano', 11, 18),
('2020-02-13', 7, 'Progettazione', 2, 31),
('2019-06-12', 6, 'FresaturaCO', 8, 30),
('2019-08-06', 3, 'FresaturaSO', 6, 29),
('2019-06-15', 1, 'FresaturaCO', 5, 30),
('2021-10-02', 4, 'FresaturaCO', 8, 3),
('2019-04-24', 4, 'FresaturaCO', 7, 35),
('2020-06-20', 1, 'Aggiustaggio', 14, 8),
('2021-06-03', 7, 'FresaturaCO', 5, 33),
('2021-11-24', 7, 'Progettazione', 2, 41),
('2019-09-16', 4, 'Aggiustaggio', 14, 32),
('2021-05-16', 2, 'Aggiustaggio', 14, 23),
('2019-06-18', 5, 'FresaturaSO', 8, 30),
('2020-02-01', 6, 'FresaturaSO', 7, 31),
('2019-12-26', 6, 'Trapano', 12, 24),
('2020-10-23', 1, 'Progettazione', 3, 7),
('2021-05-20', 6, 'Aggiustaggio', 11, 33),
('2020-10-31', 3, 'Aggiustaggio', 10, 43),
('2020-01-19', 2, 'Trapano', 13, 31),
('2020-11-04', 3, 'Aggiustaggio', 13, 43),
('2022-02-06', 3, 'Trapano', 11, 38),
('2020-07-04', 7, 'Aggiustaggio', 15, 1),
('2020-12-07', 5, 'Aggiustaggio', 14, 43),
('2020-09-05', 3, 'Aggiustaggio', 10, 14),
('2021-11-21', 2, 'FresaturaSO', 7, 41),
('2019-01-25', 6, 'Trapano', 15, 5),
('2020-02-14', 6, 'FresaturaCO', 5, 17),
('2021-02-07', 4, 'FresaturaSO', 9, 11),
('2019-12-19', 2, 'Progettazione', 2, 21),
('2020-10-31', 4, 'Trapano', 15, 7),
('2022-01-07', 2, 'FresaturaCO', 7, 38),
('2020-10-26', 6, 'Trapano', 11, 36),
('2020-11-02', 4, 'Trapano', 13, 36),
('2020-10-22', 1, 'Aggiustaggio', 14, 2),
('2020-05-28', 7, 'Aggiustaggio', 13, 4),
('2020-06-27', 3, 'Aggiustaggio', 11, 4),
('2019-06-16', 6, 'FresaturaCO', 9, 30),
('2019-01-15', 3, 'FresaturaSO', 8, 5),
('2019-12-17', 6, 'Aggiustaggio', 13, 24),
('2019-08-23', 5, 'Trapano', 13, 39),
('2020-01-05', 1, 'FresaturaSO', 9, 31),
('2020-04-02', 5, 'FresaturaCO', 8, 48),
('2021-12-17', 2, 'FresaturaCO', 9, 38),
('2021-01-23', 2, 'Aggiustaggio', 10, 11),
('2021-10-17', 7, 'Aggiustaggio', 13, 3),
('2019-12-24', 6, 'Aggiustaggio', 11, 24),
('2019-09-08', 6, 'Progettazione', 2, 32),
('2020-11-18', 6, 'Aggiustaggio', 11, 50),
('2019-07-05', 5, 'Progettazione', 2, 30),
('2021-02-25', 7, 'FresaturaCO', 6, 46),
('2019-07-19', 7, 'Progettazione', 2, 30),
('2020-09-22', 5, 'Trapano', 10, 6),
('2020-02-22', 2, 'Aggiustaggio', 14, 31),
('2020-01-02', 6, 'FresaturaCO', 6, 24),
('2020-08-11', 4, 'FresaturaCO', 7, 14),
('2020-06-07', 1, 'Progettazione', 3, 4),
('2020-06-27', 7, 'Trapano', 14, 34),
('2019-11-22', 6, 'FresaturaCO', 6, 18),
('2020-10-09', 5, 'Progettazione', 3, 7),
('2021-10-05', 1, 'FresaturaSO', 8, 3),
('2021-01-03', 4, 'Progettazione', 2, 42),
('2019-10-11', 2, 'Aggiustaggio', 13, 32),
('2019-08-17', 1, 'Progettazione', 1, 29),
('2019-06-15', 2, 'Progettazione', 2, 10),
('2019-07-10', 5, 'Progettazione', 3, 47),
('2019-12-08', 2, 'Aggiustaggio', 10, 24),
('2019-07-07', 3, 'Trapano', 15, 30),
('2019-10-29', 6, 'Trapano', 12, 12),
('2020-07-25', 4, 'FresaturaSO', 6, 34),
('2021-02-09', 1, 'FresaturaSO', 5, 19),
('2020-09-16', 6, 'FresaturaCO', 8, 6),
('2019-07-27', 5, 'FresaturaCO', 5, 44),
('2019-07-27', 5, 'FresaturaSO', 9, 40),
('2021-09-05', 4, 'Aggiustaggio', 11, 26),
('2020-01-04', 4, 'FresaturaCO', 5, 17),
('2019-05-09', 1, 'Trapano', 15, 13),
('2020-12-28', 4, 'Progettazione', 2, 42),
('2019-02-13', 2, 'Trapano', 11, 5),
('2019-10-20', 3, 'Trapano', 13, 32),
('2019-03-23', 2, 'FresaturaSO', 6, 13),
('2021-11-21', 7, 'Aggiustaggio', 11, 16),
('2019-10-05', 3, 'FresaturaSO', 9, 25),
('2020-06-25', 1, 'FresaturaCO', 8, 49),
('2019-03-29', 1, 'Aggiustaggio', 10, 13),
('2020-12-29', 6, 'Progettazione', 2, 37),
('2020-01-14', 2, 'Trapano', 15, 17),
('2020-07-25', 3, 'Trapano', 13, 15),
('2019-12-10', 6, 'Progettazione', 2, 24),
('2020-07-10', 4, 'Aggiustaggio', 13, 4),
('2020-03-08', 2, 'FresaturaSO', 7, 48),
('2021-11-13', 1, 'Trapano', 13, 16),
('2020-08-13', 5, 'Aggiustaggio', 13, 14),
('2020-09-13', 3, 'FresaturaCO', 5, 6),
('2019-10-02', 2, 'Trapano', 15, 12),
('2020-06-02', 1, 'Progettazione', 4, 49),
('2020-07-17', 1, 'Aggiustaggio', 14, 15),
('2019-10-24', 4, 'Trapano', 10, 12),
('2019-12-08', 5, 'Aggiustaggio', 14, 24),
('2021-08-21', 7, 'Progettazione', 2, 26),
('2021-10-04', 1, 'FresaturaSO', 5, 28),
('2021-02-13', 2, 'FresaturaSO', 8, 46),
('2021-01-06', 4, 'Progettazione', 2, 42),
('2019-07-25', 6, 'Trapano', 13, 40),
('2021-03-15', 7, 'FresaturaCO', 8, 19),
('2019-12-22', 2, 'Progettazione', 1, 21),
('2019-10-02', 5, 'FresaturaCO', 6, 12),
('2020-03-21', 5, 'Trapano', 14, 9),
('2021-05-20', 1, 'Progettazione', 2, 23),
('2021-04-24', 2, 'Trapano', 15, 45),
('2020-01-10', 3, 'FresaturaSO', 7, 21),
('2019-07-30', 4, 'FresaturaSO', 7, 47),
('2020-09-05', 2, 'Aggiustaggio', 15, 6),
('2019-03-10', 5, 'FresaturaCO', 9, 35),
('2020-12-19', 7, 'Progettazione', 3, 37),
('2019-09-07', 6, 'FresaturaSO', 9, 39),
('2019-08-08', 4, 'FresaturaSO', 9, 29),
('2020-11-06', 5, 'Aggiustaggio', 10, 7),
('2019-09-09', 6, 'FresaturaCO', 7, 25),
('2020-06-04', 3, 'FresaturaSO', 7, 22),
('2020-09-30', 6, 'FresaturaSO', 8, 2),
('2021-02-06', 7, 'FresaturaCO', 8, 11),
('2021-10-10', 4, 'Progettazione', 1, 3),
('2021-05-31', 3, 'FresaturaCO', 7, 33),
('2021-09-25', 6, 'FresaturaCO', 8, 26),
('2020-09-22', 7, 'FresaturaSO', 7, 6),
('2020-07-17', 4, 'FresaturaSO', 6, 1),
('2019-08-07', 7, 'FresaturaSO', 8, 39),
('2020-07-19', 5, 'Aggiustaggio', 12, 15),
('2019-10-07', 6, 'Trapano', 10, 25),
('2019-08-01', 2, 'FresaturaSO', 8, 40),
('2020-10-03', 1, 'FresaturaSO', 6, 7),
('2019-09-23', 6, 'FresaturaSO', 9, 32),
('2020-07-10', 1, 'FresaturaSO', 7, 4),
('2019-07-26', 6, 'Progettazione', 4, 40),
('2020-06-26', 2, 'FresaturaSO', 6, 8),
('2021-10-14', 2, 'Trapano', 13, 3),
('2021-09-13', 3, 'Progettazione', 2, 26),
('2019-06-10', 7, 'Progettazione', 3, 10),
('2020-11-04', 3, 'Aggiustaggio', 15, 2),
('2020-07-03', 3, 'Trapano', 13, 15),
('2020-10-16', 7, 'Progettazione', 2, 2),
('2019-07-19', 5, 'Trapano', 15, 29),
('2020-05-15', 6, 'Trapano', 14, 22),
('2020-10-11', 7, 'Aggiustaggio', 11, 2),
('2021-11-18', 5, 'Aggiustaggio', 11, 16),
('2020-08-26', 3, 'Aggiustaggio', 12, 14),
('2020-07-19', 7, 'Trapano', 15, 15),
('2020-08-21', 1, 'Trapano', 12, 6),
('2021-05-21', 7, 'Aggiustaggio', 14, 23),
('2021-05-24', 3, 'Trapano', 13, 33),
('2020-03-12', 4, 'FresaturaSO', 8, 9),
('2020-10-30', 3, 'Progettazione', 3, 7),
('2021-11-24', 7, 'Trapano', 14, 20),
('2021-01-31', 2, 'FresaturaSO', 8, 46),
('2020-04-10', 3, 'FresaturaCO', 6, 48),
('2021-12-21', 4, 'Progettazione', 2, 38),
('2019-03-25', 6, 'FresaturaCO', 6, 13),
('2019-11-15', 2, 'FresaturaCO', 5, 12),
('2019-07-11', 6, 'FresaturaCO', 5, 30),
('2019-12-19', 6, 'Aggiustaggio', 11, 21),
('2019-04-03', 1, 'FresaturaCO', 7, 13),
('2019-07-19', 4, 'FresaturaSO', 8, 29),
('2019-08-15', 1, 'Progettazione', 4, 39),
('2019-12-05', 5, 'Progettazione', 2, 21),
('2019-12-12', 2, 'Progettazione', 1, 18),
('2022-01-12', 4, 'FresaturaSO', 6, 38),
('2021-12-24', 1, 'FresaturaCO', 8, 20),
('2021-02-14', 7, 'Aggiustaggio', 12, 11),
('2021-02-02', 2, 'FresaturaCO', 6, 11),
('2021-05-19', 4, 'Aggiustaggio', 11, 33),
('2020-05-04', 5, 'FresaturaCO', 5, 27),
('2020-08-10', 7, 'Trapano', 15, 15),
('2019-04-10', 7, 'Trapano', 12, 13),
('2020-05-08', 4, 'FresaturaSO', 9, 27),
('2019-06-25', 3, 'Progettazione', 4, 30),
('2020-11-07', 4, 'Progettazione', 2, 7),
('2019-06-13', 2, 'FresaturaCO', 9, 44),
('2021-08-30', 7, 'FresaturaSO', 7, 26),
('2021-12-27', 5, 'Progettazione', 4, 20),
('2020-06-11', 1, 'FresaturaCO', 8, 49),
('2019-07-04', 5, 'FresaturaSO', 7, 30),
('2019-07-30', 3, 'Progettazione', 2, 40),
('2019-06-30', 4, 'FresaturaSO', 7, 30),
('2021-03-02', 7, 'Progettazione', 1, 46),
('2020-10-26', 3, 'Progettazione', 2, 50),
('2020-05-21', 6, 'FresaturaCO', 6, 49),
('2019-06-13', 3, 'Trapano', 14, 44),
('2020-10-22', 5, 'FresaturaSO', 9, 43),
('2019-10-20', 4, 'Progettazione', 1, 12),
('2020-06-10', 3, 'Aggiustaggio', 11, 4),
('2019-02-22', 2, 'FresaturaCO', 9, 5),
('2019-06-14', 7, 'Aggiustaggio', 11, 10),
('2021-12-26', 6, 'Progettazione', 1, 38),
('2019-04-17', 5, 'Trapano', 11, 35),
('2020-02-12', 7, 'Aggiustaggio', 14, 9),
('2021-05-22', 5, 'Trapano', 14, 33),
('2020-03-21', 6, 'Progettazione', 2, 9),
('2019-12-04', 3, 'Aggiustaggio', 14, 24),
('2021-10-25', 3, 'Trapano', 11, 16),
('2020-07-19', 1, 'Progettazione', 1, 1),
('2019-03-12', 2, 'FresaturaCO', 8, 35),
('2020-04-25', 7, 'Trapano', 12, 27),
('2020-09-23', 2, 'Aggiustaggio', 10, 6),
('2020-10-16', 2, 'FresaturaCO', 5, 7),
('2021-04-25', 4, 'FresaturaCO', 8, 45),
('2021-01-23', 2, 'Trapano', 12, 11),
('2019-03-16', 7, 'Trapano', 11, 35),
('2021-09-03', 6, 'Progettazione', 2, 26),
('2019-09-26', 6, 'Trapano', 15, 12),
('2021-06-05', 7, 'FresaturaSO', 7, 23),
('2021-05-13', 5, 'Progettazione', 1, 23),
('2019-09-24', 3, 'Progettazione', 1, 32),
('2019-07-05', 3, 'Progettazione', 2, 47),
('2021-02-25', 7, 'Progettazione', 4, 19),
('2021-12-09', 4, 'FresaturaSO', 6, 41),
('2019-09-05', 6, 'FresaturaCO', 8, 25),
('2020-12-30', 3, 'Progettazione', 3, 42),
('2021-09-28', 5, 'Progettazione', 1, 3),
('2020-06-19', 5, 'Progettazione', 2, 8),
('2020-06-10', 6, 'FresaturaCO', 6, 4),
('2021-02-04', 2, 'Progettazione', 3, 19),
('2020-07-09', 3, 'Trapano', 10, 4),
('2020-11-26', 5, 'Aggiustaggio', 13, 37),
('2019-10-01', 1, 'Progettazione', 1, 32),
('2020-01-16', 7, 'FresaturaCO', 8, 17),
('2020-08-18', 2, 'FresaturaCO', 7, 6),
('2020-06-07', 7, 'Trapano', 14, 4),
('2019-07-05', 1, 'FresaturaCO', 7, 44),
('2020-06-06', 4, 'Aggiustaggio', 14, 22),
('2021-08-24', 1, 'Trapano', 15, 26),
('2019-10-08', 4, 'FresaturaSO', 6, 32),
('2022-01-08', 1, 'Progettazione', 4, 38),
('2020-07-14', 7, 'FresaturaSO', 9, 34),
('2020-03-05', 5, 'Progettazione', 1, 48),
('2021-05-05', 2, 'Trapano', 11, 45),
('2019-08-08', 2, 'FresaturaCO', 5, 47),
('2021-12-22', 5, 'Aggiustaggio', 10, 38),
('2021-01-27', 1, 'FresaturaCO', 6, 11),
('2020-04-03', 1, 'FresaturaSO', 8, 9),
('2021-01-27', 2, 'FresaturaSO', 7, 42),
('2021-05-10', 4, 'FresaturaCO', 7, 45),
('2019-11-08', 1, 'Trapano', 11, 12),
('2019-08-30', 2, 'Aggiustaggio', 14, 25),
('2021-09-05', 1, 'Progettazione', 1, 28),
('2019-04-10', 2, 'FresaturaCO', 7, 35),
('2020-02-14', 3, 'FresaturaSO', 7, 17),
('2019-09-01', 6, 'Aggiustaggio', 13, 25),
('2020-10-31', 6, 'FresaturaCO', 6, 7),
('2020-07-04', 1, 'FresaturaSO', 6, 34),
('2021-01-21', 5, 'FresaturaSO', 8, 42),
('2019-01-18', 7, 'Aggiustaggio', 13, 5),
('2020-11-19', 3, 'FresaturaCO', 5, 7),
('2020-11-14', 2, 'Progettazione', 4, 43),
('2021-06-17', 6, 'Aggiustaggio', 15, 23),
('2021-09-01', 7, 'Trapano', 10, 26),
('2019-03-20', 5, 'Trapano', 11, 13),
('2021-05-22', 4, 'Progettazione', 4, 33),
('2020-04-24', 2, 'Aggiustaggio', 13, 27),
('2020-01-09', 3, 'FresaturaSO', 5, 17),
('2020-05-31', 6, 'Progettazione', 2, 27),
('2020-06-27', 2, 'Aggiustaggio', 11, 4),
('2021-08-29', 2, 'FresaturaCO', 5, 26),
('2019-08-22', 1, 'Aggiustaggio', 15, 47),
('2020-06-05', 5, 'FresaturaCO', 9, 22),
('2021-05-28', 1, 'FresaturaCO', 6, 23),
('2020-07-04', 2, 'FresaturaCO', 6, 34),
('2021-01-15', 6, 'FresaturaSO', 5, 46),
('2020-06-09', 4, 'Trapano', 14, 22),
('2020-10-25', 2, 'FresaturaSO', 5, 43),
('2019-06-25', 7, 'FresaturaSO', 9, 30),
('2020-06-18', 3, 'FresaturaCO', 7, 49),
('2020-03-30', 5, 'FresaturaSO', 7, 48),
('2019-07-10', 2, 'Aggiustaggio', 12, 29),
('2021-11-29', 1, 'Aggiustaggio', 10, 20),
('2020-11-14', 5, 'Progettazione', 1, 50),
('2020-09-10', 2, 'Trapano', 13, 6),
('2019-04-13', 6, 'FresaturaCO', 5, 35),
('2019-06-12', 5, 'Aggiustaggio', 13, 44),
('2019-03-09', 2, 'Aggiustaggio', 14, 35),
('2021-12-23', 6, 'FresaturaSO', 5, 38),
('2020-06-22', 4, 'Aggiustaggio', 13, 4),
('2019-09-25', 7, 'FresaturaSO', 8, 25),
('2019-04-25', 2, 'Aggiustaggio', 11, 13),
('2020-01-08', 3, 'Aggiustaggio', 13, 31),
('2020-07-13', 3, 'FresaturaCO', 7, 15),
('2021-02-13', 6, 'Aggiustaggio', 14, 11),
('2020-04-10', 1, 'Trapano', 14, 48),
('2020-01-22', 7, 'Aggiustaggio', 15, 17),
('2021-11-11', 1, 'FresaturaCO', 7, 16),
('2021-12-24', 4, 'Aggiustaggio', 14, 38),
('2020-05-17', 4, 'Trapano', 14, 49),
('2020-08-24', 1, 'Progettazione', 3, 14),
('2020-06-22', 3, 'Trapano', 13, 4),
('2019-09-29', 6, 'FresaturaSO', 6, 12),
('2020-03-21', 4, 'Progettazione', 3, 48),
('2020-12-16', 7, 'FresaturaCO', 6, 37),
('2020-09-08', 4, 'Aggiustaggio', 14, 6),
('2021-05-12', 4, 'Trapano', 15, 33),
('2021-11-10', 6, 'FresaturaSO', 8, 41),
('2019-08-27', 1, 'FresaturaCO', 9, 39),
('2020-10-21', 2, 'FresaturaSO', 9, 43),
('2019-12-11', 3, 'Trapano', 14, 21),
('2021-05-09', 5, 'Aggiustaggio', 13, 23),
('2019-09-11', 2, 'Trapano', 12, 25),
('2019-04-01', 1, 'FresaturaCO', 5, 13),
('2021-08-24', 1, 'FresaturaCO', 7, 26),
('2019-02-27', 3, 'Trapano', 14, 35),
('2020-07-05', 3, 'FresaturaSO', 7, 1),
('2019-11-24', 4, 'FresaturaCO', 5, 24),
('2020-05-12', 7, 'Trapano', 14, 22),
('2020-06-04', 2, 'FresaturaSO', 9, 4),
('2020-11-15', 3, 'Aggiustaggio', 12, 43),
('2020-11-05', 5, 'FresaturaCO', 7, 7),
('2019-07-09', 3, 'Progettazione', 4, 10),
('2019-02-27', 1, 'FresaturaSO', 8, 5),
('2022-01-12', 4, 'FresaturaCO', 8, 38),
('2019-12-13', 1, 'Trapano', 15, 24),
('2019-08-29', 1, 'FresaturaCO', 9, 25),
('2022-02-02', 5, 'Aggiustaggio', 10, 38);

--
-- Trigger `svolgimento`
--
DELIMITER $$
CREATE TRIGGER `aggiornaCostiSvolgimento` BEFORE INSERT ON `svolgimento` FOR EACH ROW UPDATE prodotto
SET prodotto.PrezzoEffettivo = 
        prodotto.PrezzoEffettivo + new.OreLavorate*(SELECT CostoOrario
                       								FROM attivita
                   								 	WHERE attivita.NomeAttivita =
               								        	new.NomeAttivita)
WHERE prodotto.IDprodotto = new.IDprodotto
$$
DELIMITER ;
DELIMITER $$
CREATE TRIGGER `aggiornaCostiSvolgimento2` BEFORE INSERT ON `svolgimento` FOR EACH ROW UPDATE datilavorativi
SET datilavorativi.Stipendio= datilavorativi.Stipendio + new.OreLavorate*(SELECT CostoOrario
                       													  FROM attivita
                   								 						  WHERE attivita.NomeAttivita =
               								       							 new.NomeAttivita)
WHERE datilavorativi.IDdipendente = new.IDdipendente
$$
DELIMITER ;

--
-- Indici per le tabelle scaricate
--

--
-- Indici per le tabelle `acciaio`
--
ALTER TABLE `acciaio`
  ADD PRIMARY KEY (`IDmateriaPrima`);

--
-- Indici per le tabelle `attivita`
--
ALTER TABLE `attivita`
  ADD PRIMARY KEY (`NomeAttivita`);

--
-- Indici per le tabelle `cliente`
--
ALTER TABLE `cliente`
  ADD PRIMARY KEY (`IDcliente`);

--
-- Indici per le tabelle `commessa`
--
ALTER TABLE `commessa`
  ADD PRIMARY KEY (`IDcommessa`),
  ADD KEY `IDcliente` (`IDcliente`);

--
-- Indici per le tabelle `datianagrafici`
--
ALTER TABLE `datianagrafici`
  ADD PRIMARY KEY (`CF`),
  ADD KEY `IDdipendente` (`IDdipendente`);

--
-- Indici per le tabelle `datilavorativi`
--
ALTER TABLE `datilavorativi`
  ADD PRIMARY KEY (`IDdipendente`);

--
-- Indici per le tabelle `fornitore`
--
ALTER TABLE `fornitore`
  ADD PRIMARY KEY (`IDfornitore`);

--
-- Indici per le tabelle `normalizzato`
--
ALTER TABLE `normalizzato`
  ADD PRIMARY KEY (`IDmateriaPrima`);

--
-- Indici per le tabelle `ordineacciaio`
--
ALTER TABLE `ordineacciaio`
  ADD PRIMARY KEY (`IDmateriaPrima`,`IDfornitore`,`IDprodotto`,`DataOrdine`),
  ADD KEY `IDfornitore` (`IDfornitore`),
  ADD KEY `IDprodotto` (`IDprodotto`);

--
-- Indici per le tabelle `ordinenormalizzato`
--
ALTER TABLE `ordinenormalizzato`
  ADD PRIMARY KEY (`IDmateriaPrima`,`IDfornitore`,`IDprodotto`,`DataOrdine`),
  ADD KEY `IDfornitore` (`IDfornitore`),
  ADD KEY `IDprodotto` (`IDprodotto`);

--
-- Indici per le tabelle `prodotto`
--
ALTER TABLE `prodotto`
  ADD PRIMARY KEY (`IDprodotto`),
  ADD KEY `IDcommessa` (`IDcommessa`);

--
-- Indici per le tabelle `svolgimento`
--
ALTER TABLE `svolgimento`
  ADD KEY `NomeAttivita` (`NomeAttivita`),
  ADD KEY `IDdipendente` (`IDdipendente`),
  ADD KEY `IDprodotto` (`IDprodotto`);

--
-- Limiti per le tabelle scaricate
--

--
-- Limiti per la tabella `commessa`
--
ALTER TABLE `commessa`
  ADD CONSTRAINT `commessa_ibfk_1` FOREIGN KEY (`IDcliente`) REFERENCES `cliente` (`IDcliente`) ON DELETE SET NULL ON UPDATE CASCADE;

--
-- Limiti per la tabella `datianagrafici`
--
ALTER TABLE `datianagrafici`
  ADD CONSTRAINT `datianagrafici_ibfk_1` FOREIGN KEY (`IDdipendente`) REFERENCES `datilavorativi` (`IDdipendente`) ON DELETE CASCADE ON UPDATE CASCADE;

--
-- Limiti per la tabella `ordineacciaio`
--
ALTER TABLE `ordineacciaio`
  ADD CONSTRAINT `ordineacciaio_ibfk_1` FOREIGN KEY (`IDmateriaPrima`) REFERENCES `acciaio` (`IDmateriaPrima`) ON DELETE NO ACTION ON UPDATE NO ACTION,
  ADD CONSTRAINT `ordineacciaio_ibfk_2` FOREIGN KEY (`IDfornitore`) REFERENCES `fornitore` (`IDfornitore`) ON DELETE NO ACTION ON UPDATE NO ACTION,
  ADD CONSTRAINT `ordineacciaio_ibfk_3` FOREIGN KEY (`IDprodotto`) REFERENCES `prodotto` (`IDprodotto`) ON DELETE NO ACTION ON UPDATE NO ACTION;

--
-- Limiti per la tabella `ordinenormalizzato`
--
ALTER TABLE `ordinenormalizzato`
  ADD CONSTRAINT `ordinenormalizzato_ibfk_1` FOREIGN KEY (`IDmateriaPrima`) REFERENCES `normalizzato` (`IDmateriaPrima`) ON DELETE NO ACTION ON UPDATE NO ACTION,
  ADD CONSTRAINT `ordinenormalizzato_ibfk_2` FOREIGN KEY (`IDfornitore`) REFERENCES `fornitore` (`IDfornitore`) ON DELETE NO ACTION ON UPDATE NO ACTION,
  ADD CONSTRAINT `ordinenormalizzato_ibfk_3` FOREIGN KEY (`IDprodotto`) REFERENCES `prodotto` (`IDprodotto`) ON DELETE NO ACTION ON UPDATE NO ACTION;

--
-- Limiti per la tabella `prodotto`
--
ALTER TABLE `prodotto`
  ADD CONSTRAINT `prodotto_ibfk_1` FOREIGN KEY (`IDcommessa`) REFERENCES `commessa` (`IDcommessa`) ON DELETE CASCADE ON UPDATE CASCADE;

--
-- Limiti per la tabella `svolgimento`
--
ALTER TABLE `svolgimento`
  ADD CONSTRAINT `svolgimento_ibfk_1` FOREIGN KEY (`NomeAttivita`) REFERENCES `attivita` (`NomeAttivita`) ON DELETE NO ACTION ON UPDATE CASCADE,
  ADD CONSTRAINT `svolgimento_ibfk_2` FOREIGN KEY (`IDdipendente`) REFERENCES `datilavorativi` (`IDdipendente`) ON DELETE SET NULL ON UPDATE CASCADE,
  ADD CONSTRAINT `svolgimento_ibfk_3` FOREIGN KEY (`IDprodotto`) REFERENCES `prodotto` (`IDprodotto`) ON DELETE CASCADE ON UPDATE CASCADE;
COMMIT;

/*!40101 SET CHARACTER_SET_CLIENT=@OLD_CHARACTER_SET_CLIENT */;
/*!40101 SET CHARACTER_SET_RESULTS=@OLD_CHARACTER_SET_RESULTS */;
/*!40101 SET COLLATION_CONNECTION=@OLD_COLLATION_CONNECTION */;
